1	0	Καὶ	CCONJ	C-		καί	cc	3
1	1	σὺ	PRON	Pp	Case=Nom|Gender=Fem,Masc|Number=Sing|Person=2|PronType=Prs	σύ	nsubj:pass	3
1	2	καρδία	NOUN	Nb	Case=Dat|Gender=Fem|Number=Sing	καρδία	obl	3
1	3	σαλεύθητι	VERB	V-	Aspect=Perf|Mood=Imp|Number=Sing|Person=2|Tense=Past|VerbForm=Fin|Voice=Pass	σαλεύθης	ROOT	3
1	4	καὶ	CCONJ	C-		καί	cc	3
1	5	σείσθητι	VERB	V-	Aspect=Perf|Mood=Imp|Number=Sing|Person=2|Tense=Past|VerbForm=Fin|Voice=Pass	σείσθης	conj	3
1	6	.	PUNCT	Z		.	punct	3
1	7	πρὸς	ADP	R-		πρός	case	11
1	8	τὴν	DET	S-	Case=Acc|Definite=Def|Gender=Fem|Number=Sing|PronType=Dem	ὁ	det	11
1	9	τοῦ	DET	S-	Case=Gen|Definite=Def|Gender=Masc|Number=Sing|PronType=Dem	ὁ	det	10
1	10	βαβυλωνίου	ADJ	A-	Case=Gen|Degree=Pos|Gender=Masc|Number=Sing	βαβυλωνίου	nmod	11
1	11	καρδίαν	NOUN	Nb	Case=Acc|Gender=Fem|Number=Sing	καρδίαν	obl	12
1	12	φησὶν	VERB	V-	Mood=Ind|Number=Sing|Person=3|Tense=Pres|VerbForm=Fin|Voice=Act	φημί	ROOT	12
1	13	,	PUNCT	Z		,	punct	12
1	14	ὅτι	SCONJ	G-		ὅτι	mark	18
1	15	πολλοὶ	ADJ	A-	Case=Nom|Degree=Pos|Gender=Masc|Number=Plur	πολύς	nsubj:pass	18
1	16	ὑπὸ	ADP	R-		ὑπό	case	17
1	17	σοῦ	PRON	Pp	Case=Gen|Gender=Masc|Number=Sing|Person=2|PronType=Prs	σύ	obl:agent	18
1	18	ἐσαλεύθησαν	VERB	V-	Aspect=Perf|Mood=Ind|Number=Plur|Person=3|Tense=Past|VerbForm=Fin|Voice=Pass	ἐσαλεύθησαν	ROOT	18
1	19	πρὶν	ADV	Df		πρίν	advmod	18
1	20	,	PUNCT	Z		,	obl	18
1	21	νῦν	ADV	Df		νῦν	advmod	27
1	22	οὖν	ADV	Df		οὖν	discourse	27
1	23	καὶ	ADV	Df		καί	advmod	24
1	24	σὺ	PRON	Pp	Case=Nom|Gender=Masc|Number=Sing|Person=2|PronType=Prs	σύ	nsubj	27
1	25	ἡ	DET	S-	Case=Nom|Definite=Def|Gender=Fem|Number=Sing|PronType=Dem	ὁ	det	27
1	26	μηδέποτε	ADV	Df	Polarity=Neg	μηδέποτε	advmod	27
1	27	ἐλπίσασα	VERB	V-	Aspect=Perf|Case=Nom|Gender=Fem|Number=Sing|Tense=Past|VerbForm=Part|Voice=Act	ἐλπίω	ROOT	27
1	28	σαλευθῆναι	VERB	V-	Aspect=Perf|Tense=Past|VerbForm=Inf|Voice=Pass	σαλεόυ	xcomp	27
1	29	καὶ	CCONJ	C-		καί	cc	28
1	30	μεταπεσεῖν	VERB	V-	Aspect=Perf|Tense=Past|VerbForm=Inf|Voice=Act	μεταπίπτω	conj	28
1	31	ἀπὸ	ADP	R-		ἀπό	case	33
1	32	τῆς	DET	S-	Case=Gen|Definite=Def|Gender=Fem|Number=Sing|PronType=Dem	ὁ	det	33
1	33	εὐημερίας	NOUN	Nb	Case=Gen|Gender=Fem|Number=Sing	εὐημερίας	obl	30
1	34	,	PUNCT	Z		,	cc	27
1	35	ἀλλ’	CCONJ	C-		ἀλλ’	ROOT	35
1	36	ἀκράδαντος	ADJ	A-	Case=Nom|Degree=Pos|Gender=Fem,Masc|Number=Sing	ἀκράδαντος	advmod	38
1	37	ἐσαεὶ	AUX	V-	Mood=Ind|Number=Sing|Person=3|Tense=Fut|VerbForm=Fin|Voice=Mid	ἐσαεὶ	advmod	38
1	38	στήσεσθαι	VERB	V-	Tense=Fut|VerbForm=Inf|Voice=Mid	στήσομαι	ROOT	38
1	39	καὶ	CCONJ	C-		καί	cc	38
1	40	διὰ	ADP	R-		διά	case	41
1	41	τοῦτο	ADJ	Pd	Case=Acc|Gender=Neut|Number=Sing	οὗτος	obl	42
1	42	σκληρυνομένη	VERB	V-	Case=Nom|Gender=Fem|Number=Sing|Tense=Pres|VerbForm=Part|Voice=Pass	σκληρυνομένη	conj	38
1	43	,	PUNCT	Z		,	ROOT	43
1	44	σαλεύθητι	VERB	V-	Aspect=Perf|Mood=Imp|Number=Sing|Person=2|Tense=Past|VerbForm=Fin|Voice=Pass	σαλεύθης	ROOT	44
1	45	,	PUNCT	Z		,	nsubj:pass	44
1	46	τουτέστι	SCONJ	G-		τουτέστι	nsubj:pass	44
1	47	,	PUNCT	Z		,	parataxis	44
1	48	σύνες	VERB	V-	Aspect=Perf|Mood=Imp|Number=Sing|Person=2|Tense=Past|VerbForm=Fin|Voice=Act	σύν	conj	44
1	49	ὅτι	SCONJ	G-		ὅτι	mark	50
1	50	μετέπεσέ	VERB	V-	Aspect=Perf|Mood=Ind|Number=Sing|Person=3|Tense=Past|VerbForm=Fin|Voice=Act	μετέπεζέ	ccomp	48
1	51	σοι	PRON	Pp	Case=Dat|Gender=Masc|Number=Sing|Person=2|PronType=Prs	σύ	obl	50
1	52	ἡ	DET	S-	Case=Nom|Definite=Def|Gender=Fem|Number=Sing|PronType=Dem	ὁ	det	53
1	53	εὐημερία	NOUN	Nb	Case=Nom|Gender=Fem|Number=Sing	εὐημερία	nsubj	50
1	54	,	PUNCT	Z		,	dep	44
1	55	καὶ	CCONJ	C-		καί	cc	62
1	56	αἴσθησιν	NOUN	Nb	Case=Acc|Gender=Fem|Number=Sing	αἴσθησις	obj	57
1	57	λαβοῦσα	VERB	V-	Aspect=Perf|Case=Nom|Gender=Fem|Number=Sing|Tense=Past|VerbForm=Part|Voice=Act	λαμβάνω	advcl	62
1	58	τῶν	DET	S-	Case=Gen|Definite=Def|Gender=Neut|Number=Plur|PronType=Dem	ὁ	det	61
1	59	εἰς	ADP	R-		εἰς	case	60
1	60	σὲ	PRON	Pp	Case=Acc|Gender=Masc|Number=Sing|Person=2|PronType=Prs	σύ	obl	61
1	61	γενομένων	VERB	V-	Aspect=Perf|Case=Gen|Gender=Masc|Number=Plur|Tense=Past|VerbForm=Part|Voice=Mid	γενομένω	nmod	56
1	62	,	PUNCT	Z		,	ROOT	62
1	63	ἀπὸ	ADP	R-		ἀπό	case	67
1	64	τῆς	DET	S-	Case=Gen|Definite=Def|Gender=Fem|Number=Sing|PronType=Dem	ὁ	det	67
1	65	ἐν	ADP	R-		ἐν	case	66
1	66	ἀλαζονείᾳ	NOUN	Nb	Case=Dat|Gender=Fem|Number=Sing	ἀλαζονεία	nmod	67
1	67	στάσεως	NOUN	Nb	Case=Gen|Gender=Fem|Number=Sing	στάσις	obl	62
1	68	,	PUNCT	Z		,	ROOT	68
1	69	σαλεύθητι	VERB	V-	Aspect=Perf|Mood=Imp|Number=Sing|Person=2|Tense=Past|VerbForm=Fin|Voice=Pass	σαλεύθης	vocative	72
1	70	καὶ	CCONJ	C-		καί	cc	69
1	71	σείσθητι	VERB	V-	Aspect=Perf|Mood=Imp|Number=Sing|Person=2|Tense=Past|VerbForm=Fin|Voice=Pass	σείσθης	conj	69
1	72	,	PUNCT	Z		,	ROOT	72
1	73	τρόμον	NOUN	Nb	Case=Acc|Gender=Masc|Number=Sing	τρόμος	obj	75
1	74	τινὰ	DET	Px	Case=Acc|Gender=Fem,Masc|Number=Sing	τίς	det	73
1	75	παθοῦσα	VERB	V-	Aspect=Perf|Case=Nom|Gender=Fem|Number=Sing|Tense=Past|VerbForm=Part|Voice=Act	πάσχω	advcl	72
1	76	καὶ	CCONJ	C-		καί	cc	75
1	77	λύπην	NOUN	Nb	Case=Acc|Gender=Fem|Number=Sing	λύπη	obj	78
1	78	ἀναλαβοῦσα	VERB	V-	Aspect=Perf|Case=Nom|Gender=Fem|Number=Sing|Tense=Past|VerbForm=Part|Voice=Act	ἀναλαβόω	conj	75
1	79	καὶ	CCONJ	C-		καί	cc	77
1	80	μετανοίας	NOUN	Nb	Case=Gen|Gender=Fem|Number=Sing	μετανοίας	nmod	81
1	81	ἀρχήν	NOUN	Nb	Case=Acc|Gender=Fem|Number=Sing	ἀρχήν	conj	77
1	82	.	PUNCT	Z		.	punct	72
1	83	ὅτι	SCONJ	G-		ὅτι	mark	89
1	84	δὲ	ADV	Df		δέ	discourse	92
1	85	πολλοὶ	ADJ	A-	Case=Nom|Degree=Pos|Gender=Masc|Number=Plur	πολύς	nsubj	89
1	86	ἐν	ADP	R-		ἐν	case	87
1	87	εὐθηνίαις	NOUN	Nb	Case=Dat|Gender=Fem|Number=Plur	εὐθηνία	advcl	89
1	88	ὄντες	AUX	V-	Case=Nom|Gender=Masc|Number=Plur|Tense=Pres|VerbForm=Part|Voice=Act	εἰμί	cop	87
1	89	οἴονται	VERB	V-	Mood=Ind|Number=Plur|Person=3|Tense=Pres|VerbForm=Fin|Voice=Act	οἴομαι	advcl	92
1	90	μηδέποτε	ADV	Df	Polarity=Neg	μηδέποτε	advmod	91
1	91	σαλευθῆναι	VERB	V-	Aspect=Perf|Tense=Past|VerbForm=Inf|Voice=Pass	σαλευθήνη	xcomp	89
1	92	,	PUNCT	Z		,	ROOT	92
1	93	μαρτυρεῖ	VERB	V-	Mood=Ind|Number=Sing|Person=3|Tense=Pres|VerbForm=Fin|Voice=Act	μαρτυρέω	ROOT	93
1	94	δαυεὶδ	PROPN	Ne		δαυίδ	nsubj	93
1	95	,	PUNCT	Z		,	advcl	93
1	96	λέγων	VERB	V-	Case=Nom|Gender=Masc|Number=Sing|Tense=Pres|VerbForm=Part|Voice=Act	λέγω	advcl	106
1	97	Ἐγὼ	PRON	Pp	Case=Nom|Gender=Masc|Number=Sing|Person=1|PronType=Prs	ἐγώ	nsubj	99
1	98	δὲ	ADV	Df		δέ	discourse	99
1	99	εἶπα	VERB	V-	Aspect=Perf|Mood=Ind|Number=Sing|Person=1|Tense=Past|VerbForm=Fin|Voice=Act	λέγω	parataxis	106
1	100	ἐν	ADP	R-		ἐν	case	102
1	101	τῆ	DET	S-	Case=Dat|Definite=Def|Gender=Fem|Number=Sing|PronType=Dem	ὁ	det	102
1	102	εὐθηνίᾳ	NOUN	Nb	Case=Dat|Gender=Fem|Number=Sing	εὐθηνίᾳ	obl	99
1	103	μου	PRON	Pp	Case=Gen|Gender=Masc|Number=Sing|Person=1|PronType=Prs	ἐγώ	det	102
1	104	Οὐ	ADV	Df	Polarity=Neg	οὐ	advmod	106
1	105	μὴ	ADV	Df	Polarity=Neg	μή	advmod	106
1	106	σαλευθῶ	VERB	V-	Aspect=Perf|Mood=Sub|Number=Sing|Person=1|Tense=Past|VerbForm=Fin|Voice=Pass	σαλεύω	ROOT	106
1	107	ἐς	ADP	R-		εἰς	case	109
1	108	τὸν	DET	S-	Case=Acc|Definite=Def|Gender=Masc|Number=Sing|PronType=Dem	ὁ	det	109
1	109	αἰῶνα	NOUN	Nb	Case=Acc|Gender=Masc|Number=Sing	αἰών	obl	106
1	110	,	PUNCT	Z		,	punct	106
1	111	μὴ	ADV	Df	Polarity=Neg	μή	advmod	112
1	112	ἐννοήσας	VERB	V-	Aspect=Perf|Case=Nom|Gender=Masc|Number=Sing|Tense=Past|VerbForm=Part|Voice=Mid	ἐννοήζω	advcl	125
1	113	ὅτι	SCONJ	G-		ὅτι	mark	120
1	114	σὺ	PRON	Pp	Case=Nom|Gender=Masc|Number=Sing|Person=2|PronType=Prs	σύ	nsubj	120
1	115	τὴν	DET	S-	Case=Acc|Definite=Def|Gender=Fem|Number=Sing|PronType=Dem	ὁ	det	116
1	116	εὐπρέπειάν	NOUN	Nb	Case=Acc|Gender=Fem|Number=Sing	εὐπρέπειάν	obj	120
1	117	μου	PRON	Pp	Case=Gen|Gender=Masc|Number=Sing|Person=1|PronType=Prs	ἐγώ	det	116
1	118	καὶ	CCONJ	C-		καί	cc	116
1	119	περιφάνειαν	NOUN	Nb	Case=Acc|Gender=Fem|Number=Sing	περιφάνεια	conj	116
1	120	ἐνεδυνάμωσας	VERB	V-	Aspect=Perf|Mood=Ind|Number=Sing|Person=2|Tense=Past|VerbForm=Fin|Voice=Act	ἐνεδυνάμωω	ccomp	112
1	121	κοὶ	NOUN	Nb	Case=Acc|Gender=Fem|Number=Plur	οὶ	obj	120
1	122	σταθηρὰν	ADJ	A-	Case=Acc|Degree=Pos|Gender=Fem|Number=Sing	σταθηρά	xcomp	124
1	123	τέως	ADV	Df		τέως	advmod	124
1	124	εἶναι	AUX	V-	Tense=Pres|VerbForm=Inf|Voice=Act	εἰμί	amod	121
1	125	πεποίηκας·	VERB	Z	Aspect=Perf|Mood=Ind|Number=Sing|Person=2|Tense=Past|VerbForm=Fin|Voice=Act	πεποίηκας·	ROOT	125
1	126	οὐχ	ADV	Df	Polarity=Neg	οὐ	advmod	130
1	127	ὅτι	SCONJ	G-		ὅτι	mark	130
1	128	ἐγὼ	PRON	Pp	Case=Nom|Gender=Masc|Number=Sing|Person=1|PronType=Prs	ἐγώ	nsubj	130
1	129	ἤμην	AUX	V-	Aspect=Imp|Mood=Ind|Number=Sing|Person=1|Tense=Past|VerbForm=Fin|Voice=Mid	εἰμί	cop	130
1	130	ἄξιος	ADJ	A-	Case=Nom|Degree=Pos|Gender=Masc|Number=Sing	ἄξιος	parataxis	125
1	131	,	PUNCT	Z		,	advmod	130
1	132	ἀλλ’	CCONJ	C-		ἀλλ’	cc	130
1	133	ὅτι	SCONJ	G-		ὅτι	mark	135
1	134	σὺ	PRON	Pp	Case=Nom|Gender=Masc|Number=Sing|Person=2|PronType=Prs	σύ	nsubj	135
1	135	ἠθέλησας·	VERB	Z	Aspect=Perf|Mood=Ind|Number=Sing|Person=2|Tense=Past|VerbForm=Fin|Voice=Act	ἠθέλησας·	ccomp	130
1	136	κύριε	NOUN	Nb	Case=Voc|Gender=Masc|Number=Sing	κύριος	vocative	139
1	137	γάρ	ADV	Df		γάρ	discourse	139
1	138	φησιν	VERB	V-	Mood=Ind|Number=Sing|Person=3|Tense=Pres|VerbForm=Fin|Voice=Act	φημί	parataxis	139
1	139	,	PUNCT	Z		,	iobj	145
1	140	ἐν	ADP	R-		ἐν	case	142
1	141	τῷ	DET	S-	Case=Dat|Definite=Def|Gender=Neut|Number=Sing|PronType=Dem	ὁ	det	142
1	142	θελήματί	NOUN	Nb	Case=Dat|Gender=Neut|Number=Sing	θελήματί	obl	139
1	143	σου	PRON	Pp	Case=Gen|Gender=Masc|Number=Sing|Person=2|PronType=Prs	σύ	det	142
1	144	,	PUNCT	Z		,	advmod	145
1	145	παρέσχου	VERB	V-	Aspect=Perf|Mood=Ind|Number=Sing|Person=2|Tense=Past|VerbForm=Fin|Voice=Mid	παρέσχομαι	parataxis	125
1	146	τῷ	DET	S-	Case=Dat|Definite=Def|Gender=Masc,Neut|Number=Sing|PronType=Dem	ὁ	det	147
1	147	κάλλει	NOUN	Nb	Case=Dat|Gender=Neut|Number=Sing	κάλλω	obl	145
1	148	μου	PRON	Pp	Case=Gen|Gender=Masc|Number=Sing|Person=1|PronType=Prs	ἐγώ	det	147
1	149	δύναμιν·	NOUN	Nb	Case=Acc|Gender=Fem|Number=Sing	δύναμιν·	obj	145
1	150	ἀπέστρεψας	VERB	V-	Aspect=Perf|Mood=Ind|Number=Sing|Person=2|Tense=Past|VerbForm=Fin|Voice=Act	ἀπέστρεφω	ROOT	150
1	151	δὲ	ADV	Df		δέ	discourse	150
1	152	τὸ	DET	S-	Case=Acc|Definite=Def|Gender=Neut|Number=Sing|PronType=Dem	ὁ	det	153
1	153	πρόσωπόν	NOUN	Nb	Case=Acc|Gender=Neut|Number=Sing	πρόσωπόν	obj	150
1	154	σου	PRON	Pp	Case=Gen|Gender=Masc|Number=Sing|Person=2|PronType=Prs	σύ	det	153
1	155	καὶ	CCONJ	C-		καί	cc	150
1	156	ἐγενήθην	VERB	V-	Aspect=Perf|Mood=Ind|Number=Sing|Person=1|Tense=Past|VerbForm=Fin|Voice=Pass	ἐγενήθην	conj	150
1	157	τεταραγμένος	VERB	V-	Aspect=Perf|Case=Nom|Gender=Masc|Number=Sing|Tense=Past|VerbForm=Part|Voice=Pass	τεταραγμένος	advcl	156
1	158	.	PUNCT	Z		.	punct	150
1	159	τοῦτον	DET	Pd	Case=Acc|Gender=Masc|Number=Sing	οὗτος	det	162
1	160	οὖν	ADV	Df		οὖν	discourse	164
1	161	τὸν	DET	S-	Case=Acc|Definite=Def|Gender=Masc|Number=Sing|PronType=Dem	ὁ	det	162
1	162	ταραγμὸν	NOUN	Nb	Case=Acc|Gender=Masc|Number=Sing	ταραγμός	obj	163
1	163	παθεῖν	VERB	V-	Aspect=Perf|Tense=Past|VerbForm=Inf|Voice=Act	πάσχω	ccomp	164
1	164	παραινεῖ	VERB	V-	Mood=Ind|Number=Sing|Person=3|Tense=Pres|VerbForm=Fin|Voice=Act	παραινέω	ROOT	164
1	165	τῷ	DET	S-	Case=Dat|Definite=Def|Gender=Masc|Number=Sing|PronType=Dem	ὁ	det	166
1	166	Βαβυλωνίῳ	ADJ	A-	Case=Dat|Degree=Pos|Gender=Masc|Number=Sing	Βαβυλωνίῳς	iobj	164
1	167	.	PUNCT	Z		.	punct	164
1	168	καὶ	CCONJ	C-		καί	cc	169
1	169	μακάριος	ADJ	A-	Case=Nom|Degree=Pos|Gender=Masc|Number=Sing	μακάριος	ROOT	169
1	170	ὃς	PRON	Pr	Case=Nom|Gender=Masc|Number=Sing|PronType=Rel	ὅς	nsubj:pass	176
1	171	ἐν	ADP	R-		ἐν	case	173
1	172	τῷ	DET	S-	Case=Dat|Definite=Def|Gender=Masc,Neut|Number=Sing|PronType=Dem	ὁ	det	173
1	173	μαστίζεσθαι	VERB	V-	Tense=Pres|VerbForm=Inf|Voice=Pass	μαστίζω	obl	176
1	174	ὑπὸ	ADP	R-		ὑπό	case	175
1	175	Θεοῦ	NOUN	Nb	Case=Gen|Gender=Masc|Number=Sing	θεός	obl:agent	173
1	176	ταράττεται	VERB	V-	Mood=Ind|Number=Sing|Person=3|Tense=Pres|VerbForm=Fin|Voice=Pass	ταράττω	nsubj	169
1	177	καὶ	CCONJ	C-		καί	cc	176
1	178	σαλεύεται	VERB	V-	Mood=Ind|Number=Sing|Person=3|Tense=Pres|VerbForm=Fin|Voice=Pass	σαλεύετης	conj	176
1	179	ἀπὸ	ADP	R-		ἀπό	case	181
1	180	τῆς	DET	S-	Case=Gen|Definite=Def|Gender=Fem|Number=Sing|PronType=Dem	ὁ	det	181
1	181	κακίας	NOUN	Nb	Case=Gen|Gender=Fem|Number=Sing	κακίας	obl	178
1	182	,	PUNCT	Z		,	nsubj	169
1	183	καὶ	CCONJ	C-		καί	cc	185
1	184	οὐ	ADV	Df	Polarity=Neg	οὐ	advmod	185
1	185	λέγει	VERB	V-	Mood=Ind|Number=Sing|Person=3|Tense=Pres|VerbForm=Fin|Voice=Act	λέγω	ROOT	185
1	186	ὅτι	SCONJ	G-		ὅτι	mark	187
1	187	ἀνδρειοῦμαι	VERB	V-	Mood=Ind|Number=Sing|Person=1|Tense=Pres|VerbForm=Fin|Voice=Pass	ἀνδρειοῦμαι	ccomp	185
1	188	.	PUNCT	Z		.	punct	185
1	189	ἐκύκλωσεν	VERB	V-	Aspect=Perf|Mood=Ind|Number=Sing|Person=3|Tense=Past|VerbForm=Fin|Voice=Act	ἐκύκλωσην	ROOT	189
1	190	ἐπὶ	ADP	R-		ἐπί	case	191
1	191	σὲ	PRON	Pp	Case=Acc|Gender=Masc|Number=Sing|Person=2|PronType=Prs	σύ	obl	189
1	192	,	PUNCT	Z		,	advmod	189
1	193	ποτήριον	NOUN	Nb	Case=Nom|Gender=Neut|Number=Sing	ποτήριος	nsubj	189
1	194	δεξίας	ADJ	A-	Case=Gen|Degree=Pos|Gender=Fem|Number=Sing	δεξία	amod	193
1	195	κυρίου	NOUN	Nb	Case=Gen|Gender=Masc|Number=Sing	κυρίου	nmod	194
1	196	.	PUNCT	Z		.	punct	189
1	197	διὰ	ADP	R-		διά	case	198
1	198	τοῦτό	ADJ	Pd	Case=Acc|Gender=Neut|Number=Sing	τοῦτό	obl	199
1	199	φησι	VERB	V-	Mood=Ind|Number=Sing|Person=3|Tense=Pres|VerbForm=Fin|Voice=Act	φημί	parataxis	200
1	200	παραινῶ	VERB	V-	Mood=Ind|Number=Sing|Person=1|Tense=Pres|VerbForm=Fin|Voice=Act	παραινέω	ROOT	200
1	201	σοι	PRON	Pp	Case=Dat|Gender=Masc|Number=Sing|Person=2|PronType=Prs	σύ	iobj	200
1	202	σεισθῆναι	VERB	V-	Aspect=Perf|Tense=Past|VerbForm=Inf|Voice=Pass	σείω	xcomp	200
1	203	καὶ	CCONJ	C-		καί	cc	202
1	204	σαλευθῆναι	VERB	V-	Aspect=Perf|Tense=Past|VerbForm=Inf|Voice=Pass	σαλευθῆναι	conj	202
1	205	,	PUNCT	Z		,	dep	200
1	206	διότι	SCONJ	G-		διότι	mark	207
1	207	ἦλθεν	VERB	V-	Aspect=Perf|Mood=Ind|Number=Sing|Person=3|Tense=Past|VerbForm=Fin|Voice=Act	ἔρχομαι	advcl	200
1	208	ἐπὶ	ADP	R-		ἐπί	case	209
1	209	σὲ	PRON	Pp	Case=Acc|Gender=Masc|Number=Sing|Person=2|PronType=Prs	σύ	obl	207
1	210	ἡ	DET	S-	Case=Nom|Definite=Def|Gender=Fem|Number=Sing|PronType=Dem	ὁ	det	214
1	211	δικαία	ADJ	A-	Case=Nom|Degree=Pos|Gender=Fem|Number=Sing	δικαία	amod	214
1	212	τοῦ	DET	S-	Case=Gen|Definite=Def|Gender=Masc|Number=Sing|PronType=Dem	ὁ	det	213
1	213	Θεοῦ	NOUN	Nb	Case=Gen|Gender=Masc|Number=Sing	θεός	nmod	214
1	214	τιμωρία·	NOUN	Nb	Case=Nom|Gender=Fem|Number=Sing	τιμωρία·	nsubj	207
1	215	ταύτην	ADJ	Pd	Case=Acc|Gender=Fem|Number=Sing	ταύτην	obj	220
1	216	γὰρ	ADV	Df		γάρ	discourse	220
1	217	ποτήριον	NOUN	Nb	Case=Acc|Gender=Neut|Number=Sing	ποτήριος	xcomp	220
1	218	θείας	ADJ	A-	Case=Gen|Degree=Pos|Gender=Fem|Number=Sing	θείας	amod	219
1	219	δεξιᾶς	ADJ	A-	Case=Gen|Degree=Pos|Gender=Fem|Number=Sing	δεξιός	amod	217
1	220	ὀνομάζει	VERB	V-	Mood=Ind|Number=Sing|Person=3|Tense=Pres|VerbForm=Fin|Voice=Act	ὀνομάζω	dep	200
1	221	.	PUNCT	Z		.	punct	200
1	222	καὶ	CCONJ	C-		καί	cc	229
1	223	πολλαχοῦ	ADV	Df		πολλαχοῦ	advmod	229
1	224	δὲ	ADV	Df		δέ	discourse	229
1	225	ἀλλαχοῦ	ADV	Df		ἀλλαχοῦ	advmod	229
1	226	ἡ	DET	S-	Case=Nom|Definite=Def|Gender=Fem|Number=Sing|PronType=Dem	ὁ	det	227
1	227	τιμωρία	NOUN	Nb	Case=Nom|Gender=Fem|Number=Sing	τιμωρία	nsubj:pass	229
1	228	ποτήριον	NOUN	Nb	Case=Nom|Gender=Neut|Number=Sing	ποτήριος	xcomp	229
1	229	λέγεται·	VERB	Z	Mood=Ind|Number=Sing|Person=3|Tense=Pres|VerbForm=Fin|Voice=Pass	λέγεται·	ROOT	229
1	230	ὁ	DET	S-	Case=Nom|Definite=Def|Gender=Masc|Number=Sing|PronType=Dem	ὁ	det	233
1	231	δὲ	ADV	Df		δέ	discourse	235
1	232	πιὼν	VERB	V-	Aspect=Perf|Case=Nom|Gender=Masc|Number=Sing|Tense=Past|VerbForm=Part|Voice=Act	πίνω	nsubj:pass	233
1	233	κα	VERB	V-	Aspect=Perf|Case=Nom|Gender=Masc|Number=Sing|Tense=Past|VerbForm=Part|Voice=Pass	κα	nsubj:pass	235
1	234	μεθυσθεὶς	VERB	V-	Aspect=Perf|Case=Nom|Gender=Masc|Number=Sing|Tense=Past|VerbForm=Part|Voice=Pass	μεθύσκω	advcl	235
1	235	σαλεύεται	VERB	V-	Mood=Ind|Number=Sing|Person=3|Tense=Pres|VerbForm=Fin|Voice=Pass	σαλεύω	ROOT	235
1	236	.	PUNCT	Z		.	punct	235
1	237	τί	PRON	Pi	Case=Nom|Gender=Neut|Number=Sing|PronType=Int	τί	ROOT	237
1	238	δέ	ADV	Df		δέ	discourse	237
1	239	ἐστι	AUX	V-	Mood=Ind|Number=Sing|Person=3|Tense=Pres|VerbForm=Fin|Voice=Act	εἰμί	cop	237
1	240	τὸ	DET	S-	Case=Nom|Definite=Def|Gender=Neut|Number=Sing|PronType=Dem	ὁ	det	241
1	241	ἐκύκλωσεν	VERB	V-	Aspect=Perf|Mood=Ind|Number=Sing|Person=3|Tense=Past|VerbForm=Fin|Voice=Act	ἐκύκλωσην	nsubj	237
1	242	,	PUNCT	Z		,	punct	237
1	243	ἢ	CCONJ	C-		ἤ	cc	247
1	244	ὅτι	SCONJ	G-		ὅτι	mark	247
1	245	κύκλῳ	ADV	Df		κύκλῳ	advmod	247
1	246	σε	PRON	Pp	Case=Acc|Gender=Masc|Number=Sing|Person=2|PronType=Prs	σύ	obj	247
1	247	περιέλαβεν	VERB	V-	Aspect=Perf|Mood=Ind|Number=Sing|Person=3|Tense=Past|VerbForm=Fin|Voice=Act	περιέλαβεν	ROOT	247
1	248	,	PUNCT	Z		,	acl	246
1	249	ὥστε	SCONJ	G-		ὥστε	mark	251
1	250	μὴ	ADV	Df	Polarity=Neg	μή	advmod	251
1	251	δύνασθαί	VERB	V-	Tense=Pres|VerbForm=Inf|Voice=Mid	δύνασθαί	advcl	248
1	252	σε	PRON	Pp	Case=Acc|Gender=Masc|Number=Sing|Person=2|PronType=Prs	σύ	nsubj	251
1	253	διαφυγεῖν	VERB	V-	Aspect=Perf|Tense=Past|VerbForm=Inf|Voice=Act	διαφεύγω	xcomp	251
1	254	ταύτην·	ADJ	Pd	Case=Acc|Gender=Fem|Number=Sing	ταύτην·ς	punct	247
1	255	ἢ	CCONJ	C-		ἤ	cc	247
1	256	ὅτι	SCONJ	G-		ὅτι	mark	272
1	257	ὥσπερ	ADV	Dq	PronType=Rel	ὥσπερ	advmod	263
1	258	ἐν	ADP	R-		ἐν	case	259
1	259	συμποσίῳ	NOUN	Nb	Case=Dat|Gender=Neut|Number=Sing	συμποσίῳ	obl	263
1	260	τὸ	DET	S-	Case=Nom|Definite=Def|Gender=Neut|Number=Sing|PronType=Dem	ὁ	det	261
1	261	ποτήριον	NOUN	Nb	Case=Nom|Gender=Neut|Number=Sing	ποτήριον	nsubj	263
1	262	κύκλῳ	ADV	Df		κύκλος	advmod	263
1	263	περιέρχεται	VERB	V-	Mood=Ind|Number=Sing|Person=3|Tense=Pres|VerbForm=Fin|Voice=Mid	περιέρχεμαι	dislocated	266
1	264	τοὺς	DET	S-	Case=Acc|Definite=Def|Gender=Masc|Number=Plur|PronType=Dem	ὁ	det	265
1	265	συμπότας	NOUN	Nb	Case=Acc|Gender=Masc|Number=Plur	συμπότης	obj	263
1	266	,	PUNCT	Z		,	det	272
1	267	οὕτω	ADV	Df		οὕτως	orphan	272
1	268	καὶ	ADV	Df		καί	advmod	272
1	269	ἡ	DET	S-	Case=Nom|Definite=Def|Gender=Fem|Number=Sing|PronType=Dem	ὁ	det	272
1	270	ἐκ	ADP	R-		ἐκ	case	271
1	271	Θεοῦ	NOUN	Nb	Case=Gen|Gender=Masc|Number=Sing	θεός	nmod	272
1	272	τιμωρία	NOUN	Nb	Case=Nom|Gender=Fem|Number=Sing	τιμωρία	conj	247
1	273	,	PUNCT	Z		,	parataxis	247
1	274	πρότερον	ADJ	A-	Case=Acc|Degree=Pos|Gender=Neut|Number=Sing	πρότερος	advmod	279
1	275	μὲν	ADV	Df		μέν	discourse	279
1	276	τὰς	DET	S-	Case=Acc|Definite=Def|Gender=Fem|Number=Plur|PronType=Dem	ὁ	det	278
1	277	ἄλλας	ADJ	A-	Case=Acc|Degree=Pos|Gender=Fem|Number=Plur	ἄλλος	amod	278
1	278	βασιλείας	NOUN	Nb	Case=Acc|Gender=Fem|Number=Plur	βασιλείας	obj	279
1	279	περιῆλθε	VERB	V-	Aspect=Perf|Mood=Ind|Number=Sing|Person=3|Tense=Past|VerbForm=Fin|Voice=Act	περιέρχομαι	conj	247
1	280	,	PUNCT	Z		,	punct	247
1	281	διὰ	ADP	R-		διά	case	282
1	282	σοῦ	PRON	Pp	Case=Gen|Gender=Masc|Number=Sing|Person=2|PronType=Prs	σύ	obl	283
1	283	τιμωρησαμένη	VERB	V-	Aspect=Perf|Case=Nom|Gender=Fem|Number=Sing|Tense=Past|VerbForm=Part|Voice=Mid	τιμωρησάα	advcl	247
1	284	ταύτας	ADJ	Pd	Case=Acc|Gender=Fem|Number=Plur	ταύς	obj	283
1	285	,	PUNCT	Z		,	appos	246
1	286	καὶ	CCONJ	C-		καί	cc	285
1	287	μεθύσασα	VERB	V-	Aspect=Perf|Case=Nom|Gender=Fem|Number=Sing|Tense=Past|VerbForm=Part|Voice=Act	μεθύσας	conj	285
1	288	συμφορῶν	NOUN	Nb	Case=Gen|Gender=Fem|Number=Plur	συμφορά	iobj	287
1	289	,	PUNCT	Z		,	punct	247
1	290	κύκλῳ	ADV	Df		κύκλος	advmod	294
1	291	δὲ	ADV	Df		δέ	discourse	294
1	292	διερχομένη	VERB	V-	Case=Nom|Gender=Fem|Number=Sing|Tense=Pres|VerbForm=Part|Voice=Mid	διερχομένη	advcl	294
1	293	νῦν	ADV	Df		νῦν	advmod	294
1	294	ἔφθασε	VERB	V-	Aspect=Perf|Mood=Ind|Number=Sing|Person=3|Tense=Past|VerbForm=Fin|Voice=Act	φθάνω	conj	247
1	295	καὶ	ADV	Df		καί	advmod	297
1	296	ἐπὶ	ADP	R-		ἐπί	case	297
1	297	σὲ	PRON	Pp	Case=Acc|Gender=Masc|Number=Sing|Person=2|PronType=Prs	σύ	obl	294
1	298	,	PUNCT	Z		,	dep	294
1	299	ὥστε	SCONJ	G-		ὥστε	mark	300
1	300	ὀφείλεις	VERB	V-	Mood=Ind|Number=Sing|Person=2|Tense=Pres|VerbForm=Fin|Voice=Act	ὀφείλω	advcl	294
1	301	τοῦτο	ADJ	Pd	Case=Acc|Gender=Neut|Number=Sing	οὗτος	obj	302
1	302	πιεῖν	VERB	V-	Aspect=Perf|Tense=Past|VerbForm=Inf|Voice=Act	πίνω	xcomp	300
1	303	.	PUNCT	Z		.	punct	294
1	304	ἡ	DET	S-	Case=Nom|Definite=Def|Gender=Fem|Number=Sing|PronType=Dem	ὁ	det	305
1	305	δεξιὰ	ADJ	A-	Case=Nom|Degree=Pos|Gender=Fem|Number=Sing	δεξιός	nsubj	309
1	306	γὰρ	ADV	Df		γάρ	discourse	309
1	307	τοῦ	DET	S-	Case=Gen|Definite=Def|Gender=Masc|Number=Sing|PronType=Dem	ὁ	det	308
1	308	κυρίου	NOUN	Nb	Case=Gen|Gender=Masc|Number=Sing	κυρίου	nmod	305
1	309	προσφέρει	VERB	V-	Mood=Ind|Number=Sing|Person=3|Tense=Pres|VerbForm=Fin|Voice=Act	προσφέρης	ROOT	309
1	310	σοι	PRON	Pp	Case=Dat|Gender=Masc|Number=Sing|Person=2|PronType=Prs	σύ	iobj	309
1	311	τοῦτο	ADJ	Pd	Case=Acc|Gender=Neut|Number=Sing	οὗτος	obj	309
1	312	,	PUNCT	Z		,	parataxis	309
1	313	καὶ	CCONJ	C-		καί	cc	309
1	314	ἀδύνατον	ADJ	A-	Case=Nom|Degree=Pos|Gender=Neut|Number=Sing	ἀδύνατος	conj	309
1	315	ἐκφυγεῖν	VERB	V-	Aspect=Perf|Tense=Past|VerbForm=Inf|Voice=Act	ἐκφεύγω	ccomp	314
1	316	,	PUNCT	Z		,	punct	309
1	317	τὴν	DET	S-	Case=Acc|Definite=Def|Gender=Fem|Number=Sing|PronType=Dem	ὁ	det	323
1	318	γὰρ	ADV	Df		γάρ	discourse	323
1	319	χεῖρα	NOUN	Nb	Case=Acc|Gender=Fem|Number=Sing	χείρ	obj	323
1	320	αὐτοῦ	PRON	Pp	Case=Gen|Gender=Masc|Number=Sing|Person=3|PronType=Prs	αὐτός	det	319
1	321	τὴν	DET	S-	Case=Acc|Definite=Def|Gender=Fem|Number=Sing|PronType=Dem	ὁ	det	322
1	322	ὑψηλὴν	ADJ	A-	Case=Acc|Degree=Pos|Gender=Fem|Number=Sing	ὑψηλός	nmod	319
1	323	,	PUNCT	Z		,	obj	325
1	324	τίς	PRON	Pi	Case=Nom|Gender=Masc|Number=Sing|PronType=Int	τίς	nsubj	325
1	325	ἀποστρέψει	VERB	V-	Mood=Ind|Number=Sing|Person=3|Tense=Fut|VerbForm=Fin|Voice=Act	ἀποστρέφω	ROOT	325
1	326	;	PUNCT	Z		;	punct	325
1	327	καὶ	CCONJ	C-		καί	cc	328
1	328	συνήχθη	VERB	V-	Aspect=Perf|Mood=Ind|Number=Sing|Person=3|Tense=Past|VerbForm=Fin|Voice=Pass	συνάγω	ROOT	328
1	329	ἀτιμία	NOUN	Nb	Case=Nom|Gender=Fem|Number=Sing	ἀτιμία	nsubj:pass	328
1	330	ἐπὶ	ADP	R-		ἐπί	case	332
1	331	τὴν	DET	S-	Case=Acc|Definite=Def|Gender=Fem|Number=Sing|PronType=Dem	ὁ	det	332
1	332	δόξαν	NOUN	Nb	Case=Acc|Gender=Fem|Number=Sing	δόξα	obl	328
1	333	σου	PRON	Pp	Case=Gen|Gender=Masc|Number=Sing|Person=2|PronType=Prs	σύ	det	332
1	334	.	PUNCT	Z		.	punct	328
1	335	ὥσπερ	ADV	Dq	PronType=Rel	ὥσπερ	advmod	338
1	336	ὅταν	ADV	Dq	PronType=Rel	ὅταν	advmod	337
1	337	εὐημερεῖς	VERB	V-	Mood=Ind|Number=Sing|Person=2|Tense=Pres|VerbForm=Fin|Voice=Act	εὐημερέω	advcl	338
1	338	,	PUNCT	Z		,	dislocated	340
1	339	πάντοθεν	ADV	Df		πάντοθεν	advmod	340
1	340	συνήγετό	VERB	V-	Aspect=Imp|Mood=Ind|Number=Sing|Person=3|Tense=Past|VerbForm=Fin|Voice=Pass	συνήγετό	ROOT	340
1	341	σοι	PRON	Pp	Case=Dat|Gender=Masc|Number=Sing|Person=2|PronType=Prs	σύ	obl	340
1	342	ἡ	DET	S-	Case=Nom|Definite=Def|Gender=Fem|Number=Sing|PronType=Dem	ὁ	det	343
1	343	δόξα	NOUN	Nb	Case=Nom|Gender=Fem|Number=Sing	δόξα	nsubj:pass	340
1	344	,	PUNCT	Z		,	obl:agent	340
1	345	καὶ	CCONJ	C-		καί	cc	347
1	346	ἀπὸ	ADP	R-		ἀπό	case	347
1	347	πλούτου	NOUN	Nb	Case=Gen|Gender=Masc|Number=Sing	πλούτος	obl	344
1	348	καὶ	CCONJ	C-		καί	cc	347
1	349	ἀπὸ	ADP	R-		ἀπό	case	350
1	350	ἀνδρίας	NOUN	Nb	Case=Gen|Gender=Fem|Number=Sing	ἀνδρίας	conj	347
1	351	,	PUNCT	Z		,	cc	347
1	352	καὶ	CCONJ	C-		καί	cc	347
1	353	συνέσεως	NOUN	Nb	Case=Gen|Gender=Fem|Number=Sing	συνέσις	conj	347
1	354	καὶ	CCONJ	C-		καί	cc	347
1	355	πλήθους	NOUN	Nb	Case=Gen|Gender=Neut|Number=Sing	πλήθος	conj	347
1	356	ὑπηκόων	NOUN	Nb	Case=Gen|Gender=Masc|Number=Plur	ὑπηκόων	nmod	355
1	357	καὶ	CCONJ	C-		καί	cc	355
1	358	τῶν	DET	S-	Case=Gen|Definite=Def|Number=Plur|PronType=Dem	ὁ	det	359
1	359	τοιούτων·	ADJ	Pd	Case=Gen|Gender=Neut|Number=Plur	τοιούτων·	nsubj:pass	340
1	360	οὕτω	ADV	Df		οὕτως	advmod	364
1	361	νῦν	ADV	Df		νῦν	advmod	364
1	362	ἡ	DET	S-	Case=Nom|Definite=Def|Gender=Fem|Number=Sing|PronType=Dem	ὁ	det	363
1	363	ἀτιμία	NOUN	Nb	Case=Nom|Gender=Fem|Number=Sing	ἀτιμία	nsubj:pass	364
1	364	συναχθήσεται	VERB	V-	Mood=Ind|Number=Sing|Person=3|Tense=Fut|VerbForm=Fin|Voice=Pass	συναχθήσω	conj	340
1	365	σοι	PRON	Pp	Case=Dat|Gender=Masc|Number=Sing|Person=2|PronType=Prs	σύ	iobj	364
1	366	ἀπὸ	ADP	R-		ἀπό	case	367
1	367	πενίας	NOUN	Nb	Case=Gen|Gender=Fem|Number=Sing	πενίας	obl	364
1	368	,	PUNCT	Z		,	cc	367
1	369	ἀπὸ	ADP	R-		ἀπό	case	370
1	370	δειλίας	NOUN	Nb	Case=Gen|Gender=Fem|Number=Sing	δειλίας	conj	367
1	371	,	PUNCT	Z		,	cc	367
1	372	ἀπὸ	ADP	R-		ἀπό	case	373
1	373	ἀσυνεσίας	NOUN	Nb	Case=Gen|Gender=Fem|Number=Sing	ἀσυνεσίας	conj	367
1	374	,	PUNCT	Z		,	cc	367
1	375	ἀπὸ	ADP	R-		ἀπό	case	378
1	376	τοῦ	DET	S-	Case=Gen|Definite=Def|Gender=Neut|Number=Sing|PronType=Dem	ὁ	det	378
1	377	μηδένα	ADJ	Px	Case=Acc|Gender=Masc|Number=Sing	μηδένα	obj	378
1	378	ἔχειν	VERB	V-	Tense=Pres|VerbForm=Inf|Voice=Act	ἔχω	conj	367
1	379	ὑπήκοον	ADJ	A-	Case=Acc|Degree=Pos|Gender=Masc|Number=Sing	ὑπήκοος	xcomp	378
1	380	,	PUNCT	Z		,	dep	364
1	381	καὶ	CCONJ	C-		καί	cc	380
1	382	ἁπλῶς	ADV	Df	Degree=Pos	ἁπλῶς	advmod	384
1	383	,	PUNCT	Z		,	amod	384
1	384	πόντων	NOUN	Nb	Case=Gen|Gender=Masc|Number=Plur	πόντων	conj	380
1	385	τῶν	DET	S-	Case=Gen|Definite=Def|Number=Plur|PronType=Dem	ὁ	det	386
1	386	τοιούτων	DET	Pd	Case=Gen|Gender=Neut|Number=Plur	τοιούτος	det	384
1	387	.	PUNCT	Z		.	punct	340
1	388	ὁ	DET	S-	Case=Nom|Definite=Def|Gender=Masc|Number=Sing|PronType=Dem	ὁ	det	390
1	389	γὰρ	ADV	Df		γάρ	discourse	393
1	390	ἔνδοξος	ADJ	A-	Case=Nom|Degree=Pos|Gender=Masc|Number=Sing	ἔνδοξος	nsubj:pass	393
1	391	ἀφ’	ADP	R-		ἀφ’	case	392
1	392	ὧν	PRON	Pr	Case=Gen|Gender=Masc|Number=Plur|PronType=Rel	ὅς	obl	393
1	393	δοξάζεται	VERB	V-	Mood=Ind|Number=Sing|Person=3|Tense=Pres|VerbForm=Fin|Voice=Pass	δοξάζεμι	ROOT	393
1	394	,	PUNCT	Z		,	punct	393
1	395	ἐξ	ADP	R-		ἐκ	case	396
1	396	ἐκείνων	ADJ	Pd	Case=Gen|Gender=Masc|Number=Plur	ἐκείνων	obl	397
1	397	ἀτιμοῦται	VERB	V-	Mood=Ind|Number=Sing|Person=3|Tense=Pres|VerbForm=Fin|Voice=Pass	ἀτιμοῦται	ROOT	397
1	398	ἐκπεσὼν	VERB	V-	Aspect=Perf|Case=Nom|Gender=Masc|Number=Sing|Tense=Past|VerbForm=Part|Voice=Act	ἐκπίπτω	advcl	397
1	399	αὐτῶν	PRON	Pp	Case=Gen|Gender=Masc|Number=Plur|Person=3|PronType=Prs	αὐτός	iobj	398
1	400	.	PUNCT	Z		.	punct	397
1	401	ἐπεὶ	SCONJ	G-		ἐπεί	mark	415
1	402	δὲ	ADV	Df		δέ	discourse	412
1	403	ὁ	DET	S-	Case=Nom|Definite=Def|Gender=Masc|Number=Sing|PronType=Dem	ὁ	det	404
1	404	κύριος	NOUN	Nb	Case=Nom|Gender=Masc|Number=Sing	κύριος	nsubj	412
1	405	ἐν	ADP	R-		ἐν	case	407
1	406	τῆ	DET	S-	Case=Dat|Definite=Def|Gender=Fem|Number=Sing|PronType=Dem	ὁ	det	407
1	407	καρδίᾳ	NOUN	Nb	Case=Dat|Gender=Fem|Number=Sing	καρδία	obl	412
1	408	τῆς	DET	S-	Case=Gen|Definite=Def|Gender=Fem|Number=Sing|PronType=Dem	ὁ	det	409
1	409	γῆς	NOUN	Nb	Case=Gen|Gender=Fem|Number=Sing	γῆ	nmod	407
1	410	τρεῖς	NUM	Ma	Case=Acc|Gender=Fem,Masc|Number=Plur	τρεῖς	nummod	411
1	411	ἡμέρας	NOUN	Nb	Case=Acc|Gender=Fem|Number=Plur	ἡμέρα	obj	412
1	412	ἐποίησε	VERB	V-	Aspect=Perf|Mood=Ind|Number=Sing|Person=3|Tense=Past|VerbForm=Fin|Voice=Act	ἐποίησε	ROOT	412
1	413	τῷ	DET	S-	Case=Dat|Definite=Def|Gender=Masc|Number=Sing|PronType=Dem	ὁ	det	414
1	414	ᾅδῃ	PROPN	Ne	Case=Dat|Gender=Masc|Number=Sing	ᾅδῃ	iobj	415
1	415	ἐνδιατρίψας	VERB	V-	Aspect=Perf|Case=Nom|Gender=Masc|Number=Sing|Tense=Past|VerbForm=Part|Voice=Act	ἐνδιατρίπω	advcl	412
1	416	,	PUNCT	Z		,	punct	412
1	417	πρὸς	ADP	R-		πρός	case	420
1	418	ταύτην	DET	Pd	Case=Acc|Gender=Fem|Number=Sing	ταύτης	det	420
1	419	τὴν	DET	S-	Case=Acc|Definite=Def|Gender=Fem|Number=Sing|PronType=Dem	ὁ	det	420
1	420	καρδίαν	NOUN	Nb	Case=Acc|Gender=Fem|Number=Sing	καρδίαν	obl	421
1	421	φησὶ	VERB	V-	Mood=Ind|Number=Sing|Person=3|Tense=Pres|VerbForm=Fin|Voice=Act	φημί	ROOT	421
1	422	ὅτι	SCONJ	G-		ὅτι	mark	423
1	423	σείσθητι	VERB	V-	Aspect=Perf|Mood=Imp|Number=Sing|Person=2|Tense=Past|VerbForm=Fin|Voice=Pass	σείσθης	ccomp	421
1	424	.	PUNCT	Z		.	punct	421
1	425	τάχα	ADV	Df		τάχα	advmod	429
1	426	μὲν	ADV	Df		μέν	discourse	425
1	427	καὶ	ADV	Df		καί	advmod	429
1	428	ἀπὸ	ADP	R-		ἀπό	case	429
1	429	μν	ADV	Df		μν	ROOT	429
1	430	τοῦ	DET	S-	Case=Gen|Definite=Def|Gender=Masc|Number=Sing|PronType=Dem	ὁ	det	431
1	431	σεισμοῦ	NOUN	Nb	Case=Gen|Gender=Masc|Number=Sing	σεισμός	nmod	429
1	432	τοῦ	DET	S-	Case=Gen|Definite=Def|Gender=Masc|Number=Sing|PronType=Dem	ὁ	det	433
1	433	γενομένου	VERB	V-	Aspect=Perf|Case=Gen|Gender=Masc|Number=Sing|Tense=Past|VerbForm=Part|Voice=Mid	γενομένου	nmod	431
1	434	ἐν	ADP	R-		ἐν	case	436
1	435	τῷ	DET	S-	Case=Dat|Definite=Def|Gender=Masc|Number=Sing|PronType=Dem	ὁ	det	436
1	436	ἐκπνεῦσαι	VERB	V-	Aspect=Perf|Tense=Past|VerbForm=Inf|Voice=Act	ἐκπνέω	obl	433
1	437	αὐτὸν	PRON	Pp	Case=Acc|Gender=Masc|Number=Sing|Person=3|PronType=Prs	αὐτός	obj	436
1	438	,	PUNCT	Z		,	appos	429
1	439	ὅτε	SCONJ	G-		ὅτε	mark	443
1	440	καὶ	ADV	Df		καί	advmod	442
1	441	τὰ	DET	S-	Case=Nom|Definite=Def|Gender=Neut|Number=Plur|PronType=Dem	ὁ	det	442
1	442	σημεῖα	NOUN	Nb	Case=Nom|Gender=Neut|Number=Plur	σημεῖον	nsubj:pass	443
1	443	ἀνεῴχθη·	VERB	V-	Aspect=Perf|Mood=Ind|Number=Sing|Person=3|Tense=Past|VerbForm=Fin|Voice=Pass	ἀνεῴχθη·	advcl	429
1	444	τάχα	ADV	Df		τάχα	advmod	453
1	445	δὲ	ADV	Df		δέ	discourse	453
1	446	καὶ	ADV	Df		καί	advmod	453
1	447	ὡς	ADV	Df		ὡς	advmod	453
1	448	πάσης	DET	Px	Case=Gen|Gender=Fem|Number=Sing	πάσης	det	450
1	449	τῆς	DET	S-	Case=Gen|Definite=Def|Gender=Fem|Number=Sing|PronType=Dem	ὁ	det	450
1	450	ἀρχῆς	NOUN	Nb	Case=Gen|Gender=Fem|Number=Sing	ἀρχή	nsubj:pass	453
1	451	τοῦ	DET	S-	Case=Gen|Definite=Def|Gender=Masc|Number=Sing|PronType=Dem	ὁ	det	452
1	452	ᾅδου	PROPN	Ne	Case=Gen|Gender=Masc|Number=Sing	Ἅιδης	nmod	450
1	453	σαλευομένης	VERB	V-	Case=Gen|Gender=Fem|Number=Sing|Tense=Pres|VerbForm=Part|Voice=Pass	σαλευομένη	advcl	454
1	454	,	PUNCT	Z		,	appos	429
1	455	καὶ	CCONJ	C-		καί	cc	452
1	456	τῶν	DET	S-	Case=Gen|Definite=Def|Gender=Masc|Number=Plur|PronType=Dem	ὁ	det	458
1	457	χαλκῶν	ADJ	A-	Case=Gen|Degree=Pos|Number=Plur	χαλκός	amod	458
1	458	πυλῶν	NOUN	Nb	Case=Gen|Gender=Masc|Number=Plur	πύλη	conj	452
1	459	(	PUNCT	G-	Polarity=Neg	(	case	460
1	460	ί’λκ	X	Ne		ί’λκ	ROOT	460
1	461	ΊΜΙΙ’	X	F-		ΊΜΙΙ’	conj	460
1	462	.	PUNCT	Z		.	punct	460
1	463	ΟΙΊΠ	PRON	Pp	Case=Nom|Gender=Masc|Number=Plur|Person=3|PronType=Prs	ΟΙΊΠ	ROOT	463
1	464	1.	PUNCT	Z		1.	punct	463
1	465	λζ́	X	F-		λζ́	nummod	470
1	466	ΙΊ	X	Ne		ΙΊ	appos	465
1	467	iκr·κλωλ	X	Ne		iκr·κλωλ	conj	465
1	468	σε	PRON	Pp	Case=Acc|Gender=Masc|Number=Sing|Person=2|PronType=Prs	σύ	conj	465
1	469	τ	ADV	S-	Polarity=Neg	τ	dep	465
1	470	πντ»/^)•ον	ADV	Pp		πντ»/^)•ον	ROOT	470
1	471	τοὺ	DET	S-	Case=Gen|Definite=Def|Gender=Masc|Number=Sing|PronType=Dem	ὁ	det	472
1	472	Αιι^ίτοί	X	Ne		Αιι^ίτοί	nmod	470
1	473	’	CCONJ	Pd		’	nmod	472
1	474	,	PUNCT	Z		,	punct	470
1	475	δ	ADV	Df		ΑΒΓ	ROOT	475
1	476	‘	ADV	Df		‘	xcomp	477
1	477	γἱν	VERB	V-	Mood=Sub|Number=Sing|Person=3|Tense=Pres|VerbForm=Fin|Voice=Act	γἱν	ROOT	477
1	478	ἢ	DET	S-	Case=Nom|Definite=Def|Gender=Fem|Number=Sing|PronType=Dem	ἤ	nsubj	477
1	479	^«^ιΛ	PROPN	Ne		^«^ιΛ	dislocated	477
1	480	τοῦ	DET	S-	Case=Gen|Definite=Def|Gender=Masc|Number=Sing|PronType=Dem	ὁ	det	481
1	481	κυρίου	NOUN	Nb	Case=Gen|Gender=Masc|Number=Sing	κυρίου	nmod	479
1	482	,	PUNCT	Z		,	dislocated	477
1	483	ὁ	DET	S-	Case=Nom|Definite=Def|Gender=Masc|Number=Sing|PronType=Dem	ὁ	det	484
1	484	ὦ	INTJ	Pr		ὦ	nsubj	477
1	485	,	PUNCT	Z		,	conj	477
1	486	^ii	ADV	A-		^ii	advmod	477
1	487	τοΐ’το	DET	Pp	Case=Nom|Definite=Def|Gender=Neut|Number=Sing|PronType=Dem	τοΐ’το	nsubj	477
1	488	,	PUNCT	Z		,	punct	477
1	489	λαὶ	NOUN	Nb		λή	ROOT	489
1	490	οιΛ	PROPN	Pp		οιΛ	appos	489
1	491	m̔̀πιες	ADV	Nb		m̔̀πις	conj	489
1	492	ἰσλlmς	ADV	Nb		ἰσλlmς	conj	489
1	493	,	PUNCT	Z		,	ROOT	493
1	494	(	PUNCT	G-		(	advmod	495
1	495	ζημίΐτοί	VERB	V-	Mood=Ind|Number=Sing|Person=3|Tense=Pres|VerbForm=Fin|Voice=Act	ζημίΐτοί	acl	493
1	496	,	PUNCT	Z		,	ROOT	496
1	497	καὶ	CCONJ	C-		καί	cc	499
1	498	δ‘φ́ιν	ADV	Df		δ‘φ́ιν	dep	499
1	499	ἴων	VERB	Ne	Case=Nom|Gender=Masc|Number=Sing|Tense=Pres|VerbForm=Part|Voice=Act	ἴον	ROOT	499
1	500	«	ADV	Df		«	appos	499
1	501	V	NUM	S-		V	orphan	499
1	502	»	ADV	Df		»	amod	503
1	503	ιγ	PROPN	Ne		ιγ	dep	499
1	504	κ	ADV	Df		ΑΒΓ	conj	503
1	505	/	ADV	Df		/	cop	506
1	506	κιτί/ίΓΜ	PROPN	Ne		κιτί/ίΓΜ	conj	503
1	507	»	NOUN	Pp	Case=Voc|Gender=Fem|Number=Sing	»	appos	499
1	508	τῆς	DET	S-	Case=Gen|Definite=Def|Gender=Fem|Number=Sing|PronType=Dem	ὁ	det	509
1	509	iU	NOUN	Nb	Case=Gen|Gender=Fem|Number=Sing	iUς	nmod	511
1	510	-	ADV	Pd		-	det	509
1	511	t^f\\^nivtj\•	VERB	Nb	Case=Acc|Gender=Neut|Number=Plur|Tense=Pres|VerbForm=Part|Voice=Mid	t^f\\^nivtj\•	dep	499
1	512	φιτ‘ως	ADV	Ne		φιτ‘ως	dep	499
1	513	,	PUNCT	Z		,	dislocated	499
1	514	νΙν	PRON	Pp	Case=Acc|Gender=Masc|Number=Sing|Person=3|PronType=Prs	νΙν	obj	513
1	515	a̓́τ‘μος	ADJ	Ne	Case=Nom|Gender=Masc|Number=Sing	a̓́τ‘μος	dislocated	499
1	516	γ*γο»χΐί	PROPN	Ne		γ*γο»χΐί	orphan	499
1	517	.	PUNCT	Z		.	punct	499
1	518	-lnιργηἳς	ADV	Df		-lnιργηἳς	ROOT	518
1	519	Τρ	X	Ne		Τρ	nmod	518
1	520	,	PUNCT	Z		,	cc	518
1	521	ἳλ‘lτυς	ADV	Ne		ἳλ‘lτυς	conj	518
1	522	ε’ιθμς	PROPN	Ne	Case=Nom|Gender=Masc|Number=Sing	ε’ιθμς	conj	518
1	523	.	PUNCT	Z		.	punct	518
1	524	Ιιόn	CCONJ	C-		Ιιόn	ROOT	524
1	525	ἃ‘’β“α	X	Pd		ἃ‘’β“ας	nsubj	524
1	526	τοῦ	DET	S-	Case=Gen|Definite=Def|Gender=Masc|Number=Sing|PronType=Dem	ὁ	det	527
1	527	λφωιἢυ	PROPN	Ne	Case=Gen|Gender=Masc|Number=Sing	λφωιἢυ	nmod	525
1	528	καλόφ‘ι	ADV	Df		καλόφ‘ι	conj	524
1	529	σ«.	PRON	Pp	Case=Acc|Gender=Masc|Number=Sing|Person=2|PronType=Prs	σ«.	punct	524
1	530	ὁ	DET	S-	Case=Nom|Definite=Def|Gender=Masc|Number=Sing|PronType=Dem	ὁ	det	531
1	531	λιἰλι-,ς	PROPN	Ne	Case=Nom|Gender=Masc|Number=Sing	λιἰλι-,ς	ROOT	531
1	532	‘	ADV	V-		‘	nmod	531
1	533	,	PUNCT	Z		,	conj	531
1	534	̓́μ’ς	ADV	Pp		̓́μ’ς	dep	531
1	535	‘	ADV	Df		‘	nmod	531
1	536	μς	PROPN	Pp	Case=Nom|Gender=Masc|Number=Sing	μς	conj	531
1	537	φ̔́Κκης	PROPN	Ne	Case=Nom|Gender=Masc|Number=Sing	φ̔́Κκης	conj	531
1	538	,	PUNCT	Z		,	conj	531
1	539	‘	CCONJ	C-		‘	cc	541
1	540	‘	CCONJ	A-		‘	amod	541
1	541	ψλόν	NOUN	Nb	Case=Acc|Gender=Neut|Number=Sing	ψλός	ROOT	541
1	542	υ	PRON	Pr	Case=Acc|Gender=Neut|Number=Sing|PronType=Rel	υ	appos	541
1	543	κ	ADV	Df		ΑΒΓ	conj	541
1	544	«	ADV	Df		«	dep	541
1	545	»	ADV	A-		»	dep	541
1	546	fiwiVi.	PUNCT	Z		fiwiVi.	punct	541
1	547	THi^ififni^ft	ADV	Nb		THi^ififni^ft	nmod	541
1	548	W	ADV	Df		W	dislocated	541
1	549	ι	INTJ	Pp		ι	appos	541
1	550	γρuφὴ	ADV	A-		γρuφὴ	appos	541
1	551	τοι	PRON	Pp	Case=Dat|Gender=Masc|Number=Sing|Person=2|PronType=Prs	σύ	conj	541
1	552	;	PUNCT	Z		;	appos	541
1	553	υμ̀	PRON	Pp	Case=Gen|Gender=Fem,Masc|Number=Plur|Person=2|PronType=Prs	υμ̀	iobj	554
1	554	ἱει’‘’’‘-ιλι〉μ	ADV	Ne		ἱει’‘’’‘-ιλι〉μ	conj	541
1	555	,	PUNCT	Z		,	conj	541
1	556	ὡς	ADV	Dq	PronType=Rel	ὡς	advmod	557
1	557	μqἰσnιν	ADV	Df		μqἰσnιν	dep	541
1	558	-ιὶ	ADV	Pr		-ιὶς	dislocated	557
1	559	ᾠn	PROPN	Ne		ᾠn	conj	557
1	560	,	PUNCT	Z		,	conj	541
1	561	ρηρ	PROPN	Ne		ρηρ	ROOT	561
1	562	-	ADV	Df		-	appos	561
1	563	κ‘διαἰ	ADV	Df		κ‘διαἰ	dislocated	561
1	564	τοῦ	DET	S-	Case=Gen|Definite=Def|Gender=Masc|Number=Sing|PronType=Dem	ὁ	det	565
1	565	λιβύ’̔̀υ	PROPN	Ne	Case=Gen|Gender=Masc|Number=Sing	λιβύ’̔̀υ	nmod	563
1	566	Λί	NOUN	Nb		Λίς	conj	563
1	567	ίφίτίνσΛί	PROPN	Ne	Case=Nom|Gender=Masc|Number=Sing	ίφίτίνσΛί	conj	561
1	568	,	PUNCT	Z		,	punct	561
1	569	*	ADV	Df		*	ROOT	569
1	570	κΰ	X	F-		κΰ	vocative	571
1	571	στρονΟΜ	ADJ	Nb	Case=Nom|Degree=Pos|Gender=Neut|Number=Sing	στρονΟΜ	ROOT	571
1	572	‘	ADV	Df		‘	dep	571
1	573	’	INTJ	A-		’	nmod	574
1	574	νἳ‘τσ‘ιφ’ι’σιν	ADV	Ne		νἳ‘τσ‘ιφ’ι’	dep	571
1	575	.	PUNCT	Z		.	punct	571
1	576	ἰκαοτος	PROPN	Ne	Case=Nom|Gender=Masc|Number=Sing	ἰκαοτος	ROOT	576
1	577	Τφ	PROPN	Ma		Τφ	nsubj	576
1	578	τῶν	DET	S-	Case=Gen|Definite=Def|Number=Plur|PronType=Dem	ὁ	det	581
1	579	‘	ADV	Df		‘	amod	581
1	580	γίων	NOUN	Nb	Case=Gen|Gender=Masc|Number=Plur	γίων	nmod	581
1	581	κμ̀Λο	PROPN	Ne		μ̀Λο	dep	576
1	582	fiHJCf	ADV	Nb		fiHJCf	dep	576
1	583	,	PUNCT	Z		,	dep	576
1	584	ιὶ	X	Ne		ιὶ	vocative	587
1	585	τΙ	PRON	Pi	Case=Nom|Gender=Neut|Number=Sing|PronType=Int	τΙς	det	584
1	586	ὑφοῦ	PRON	Nb	Case=Gen|Gender=Neut|Number=Sing|PronType=Rel	ὑφός	obl	587
1	587	ἠρθυ	ADV	V-		ἠρθυ	ROOT	587
1	588	.	PUNCT	Z		.	punct	587
1	589	ικ̀’δ‘·ιmυ	ADV	Df		ικ̀’δ‘·ιmυ	ROOT	589
1	590	W	ADV	A-		W	ROOT	590
1	591	τΐ)»•	ADV	Pp		τΐ)»•	appos	590
1	592	?	ADV	Df		?	appos	590
1	593	·̀π	ADV	Pr		·̀π	dep	590
1	594	’	CCONJ	A-		’	cc	597
1	595	ιlζ'τΥ	ADP	R-		ιlζ'τΥ	parataxis	597
1	596	-	ADV	Pp		-	appos	595
1	597	ιἱlἳmμ	PROPN	Nb		ιἱlἳmμ	ROOT	597
1	598	,	PUNCT	Z		,	punct	597
1	599	υς	NOUN	Nb	Case=Nom|Gender=Masc|Number=Sing	υς	ROOT	599
1	600	,	PUNCT	Z		,	punct	599
1	601	καὶ	CCONJ	C-		καί	advmod	602
1	602	tnctV	ADV	A-		tnctV	ROOT	602
1	603	»	SCONJ	A-		»	appos	602
1	604	;	PUNCT	Z		;	ROOT	604
1	605	καλίΛ^	NOUN	Nb	Case=Nom|Gender=Masc|Number=Sing	καλίΛ^	ROOT	605
1	606	»	ADV	A-		»	advmod	605
1	607	ὁ	DET	S-	Case=Nom|Definite=Def|Gender=Masc|Number=Sing|PronType=Dem	ὁ	nsubj	605
1	608	.	PUNCT	Z		.	punct	605
1	609	κὼ	ADV	Df		κὼ	dislocated	612
1	610	ταλαιπωρία	NOUN	Nb	Case=Nom|Gender=Fem|Number=Sing	ταλαιπωρία	advcl	609
1	611	Οηρἰων	NOUN	Nb	Case=Gen|Gender=Masc|Number=Plur	οηρἰων	nmod	612
1	612	τττοήσίΐ	ADV	Ne		τττοήσίΐ	ROOT	612
1	613	α,̔	PRON	Pr	Case=Nom|Gender=Neut|Number=Plur|PronType=Rel	α,̔ς	appos	612
1	614	ἳρια	NOUN	Nb	Case=Nom|Gender=Neut|Number=Plur	ἳριον	ROOT	614
1	615	τὸ“̀	DET	S-	Case=Acc|Definite=Def|Gender=Neut|Number=Sing|PronType=Dem	τὸ“̀	det	616
1	616	π̔ρι	ADV	V-		π̔ρι	appos	614
1	617	--,ικ̓́	PROPN	Ne		--,ικ̓́	appos	614
1	618	φησιγ	ADV	Df		φησιγ	acl	614
1	619	ὡς	ADV	Dq	PronType=Rel	ὡς	advmod	620
1	620	τΓολι•	ADV	Nb		τΓολι•	dislocated	614
1	621	τὺ	PRON	Pp	Case=Nom|Gender=Masc|Number=Sing|Person=2|PronType=Prs	σύ	nsubj	622
1	622	ιἴγιαον	PROPN	Ne	Case=Nom|Gender=Neut|Number=Sing	ιἴγιαον	appos	614
1	623	*	DET	Df	Case=Gen|Definite=Def|Gender=Fem|Number=Sing|PronType=Dem	*	appos	614
1	624	*	ADV	Df		*	dislocated	614
1	625	\*>»τ\ΐϊ	VERB	V-	Case=Acc|Gender=Neut|Number=Plur|Tense=Pres|VerbForm=Part|Voice=Mid	\*>»τ\ΐϊς	nmod	614
1	626	.	PUNCT	Z		.	punct	614
1	627	ἡ	CCONJ	C-		ὁ	ROOT	627
1	628	‘	ADV	A-		‘	discourse	627
1	629	’	DET	A-	Case=Gen|Definite=Def|Gender=Masc|Number=Plur|PronType=Dem	’	ROOT	629
1	630	ι’̀ν	NUM	Pr		ι’̀ν	dep	629
1	631	r\\K»tjrvi	NOUN	V-	Case=Acc|Gender=Neut|Number=Plur	r\\K»tjrvi	conj	629
1	632	>	ADV	Nb		>	appos	629
1	633	pia	ADV	Nb		pia	dislocated	629
1	634	ἱν	PROPN	Ne	Case=Nom|Gender=Masc|Number=Sing	ἱν	conj	629
1	635	οἱn̓́	NOUN	Nb		οἱn̓́	conj	634
1	636	‘	SCONJ	Ne		‘	dep	634
1	637	’	CCONJ	Pd		’	dep	634
1	638	π‘φ́,υσι·	X	F-		π‘φ́,υσι·	conj	634
1	639	σl̓́	ADV	Nb		σl̓́	conj	634
1	640	,	PUNCT	Z		,	parataxis	629
1	641	πτυιο1ι	NOUN	Nb		πτυιο1ι	ROOT	641
1	642	(	PUNCT	Df		(	appos	641
1	643	ύ	PROPN	Pp		ύ	conj	641
1	644	,	PUNCT	Z		,	ROOT	644
1	645	mύστι	VERB	Nb	Tense=Pres|VerbForm=Inf|Voice=Act	mύιμι	ROOT	645
1	646	.	PUNCT	Z		.	punct	645
1	647	Tti	ADV	Nb		Tti	vocative	649
1	648	-	ADV	Df		-	advmod	647
1	649	nrtiixW	ADV	Pr		nrtiixW	ROOT	649
1	650	κuὶ	ADV	Df		κuὶ	ROOT	650
1	651	δ‘λͅλν	ADV	Df		δ‘λͅλν	dep	650
1	652	κιὶ	NOUN	Nb		κιὶ	conj	650
1	653	‘	CCONJ	Pd		‘	ROOT	653
1	654	ἰ‘ἱκ	PROPN	Ne	Case=Nom|Gender=Neut|Number=Sing	ἰ‘ἱκ	ROOT	654
1	655	--	ADV	Df		--	dep	654
1	656	ι	PRON	Pd	Case=Acc|Gender=Neut|Number=Sing|PronType=Int	ι	dislocated	654
1	657	ιτ^Ηψτα	X	V-		ιτ^Ηψτα	conj	654
1	658	.	PUNCT	Z		.	punct	654
1	659	ἱλͅλι	X	Ne		ἱλͅλι	ROOT	659
1	660	-ὺ	ADV	Pr		-ὺ	appos	659
1	661	όσ‘β‘ια	X	Pr		όσ‘β‘ια	conj	659
1	662	,	PUNCT	Z		,	parataxis	659
1	663	̔͂λλ	ADV	Df		̔͂λλ	ROOT	663
1	664	.	PUNCT	Z		.	punct	663
1	665	〉	CCONJ	C-		〉	cc	667
1	666	ἢν	AUX	V-	Aspect=Imp|Mood=Ind|Number=Sing|Person=3|Tense=Past|VerbForm=Fin|Voice=Act	ἐάν	cop	667
1	667	tV	ADV	Df		tV	xcomp	679
1	668	τΤ	PRON	Px	Case=Nom|Gender=Neut|Number=Sing|PronType=Rel	τΤ	appos	667
1	669	-	ADV	Pd		-	dep	667
1	670	λιβ‘ἰ̔́	X	Nb		λιβ‘ἰ̔́	nmod	667
1	671	πιίλ(Η	ADV	Ne		πιίλ(Η	conj	667
1	672	διι	PROPN	Ne	Case=Dat|Gender=Masc|Number=Sing	διι	iobj	673
1	673	η	DET	Df	Case=Nom|Definite=Def|Gender=Fem|Number=Sing|PronType=Dem	η	dislocated	667
1	674	)	ADV	Z		)	discourse	673
1	675	»	SCONJ	G-		»	dep	667
1	676	"	PROPN	V-		"	dep	667
1	677	tKti	ADV	Df		tKti	dep	667
1	678	‘	ADV	Df		‘	dep	667
1	679	ἰ‘.ι’ιιτι	X	Ne		ἰ‘.ι’ιιτι	ROOT	679
1	680	,	PUNCT	Z		,	ROOT	680
1	681	ιιιν·	PROPN	Ne		ιιιν·	ROOT	681
1	682	τοῖς	DET	S-	Case=Dat|Definite=Def|Gender=Masc|Number=Plur|PronType=Dem	ὁ	det	683
1	683	Τφ	PROPN	Df		Τφ	dep	681
1	684	ἰ4ηλοφς̓́	PROPN	Ne		ἰ4ηλοφς̓́	conj	681
1	685	τ·-	CCONJ	Pr		τ·-	dep	681
1	686	τορῶν	NOUN	Nb	Case=Gen|Gender=Masc|Number=Plur	τορέω	conj	681
1	687	*	ADV	Df		*	appos	681
1	688	πίφοίτν	VERB	V-	Case=Nom|Gender=Masc|Number=Sing|Tense=Pres|VerbForm=Part|Voice=Act	πίφοίτν	conj	681
1	689	>	ADV	Nb		>	conj	681
1	690	γ	ADV	Ma		ΑΒΓ	det	689
1	691	οἱ	PRON	Pp	Case=Dat|Gender=Masc|Number=Sing|Person=3|PronType=Prs	ὁ	iobj	692
1	692	ἱlιιιι-4,̓ι’,ιn,̔́	ADV	Nb		ἱlιιιι-4,̓ι’,ιn,̔́	appos	681
1	693	ὡς	ADV	Dq	PronType=Rel	ὡς	dep	681
1	694	tK«4tr	ADV	Df		tK«4tr	dislocated	681
1	695	ι-̔ἱ	ADV	Pd		ι-̔ἱ	appos	681
1	696	Ttuj	ADV	Nb		Ttuj	conj	681
1	697	‘	ADV	Pd	Polarity=Neg	‘	dislocated	681
1	698	lιμωτι	ADV	V-		lιμωμι	dislocated	681
1	699	ΟΛ’ν^ιηψαχΗ	X	Nb		ΟΛ’ν^ιηψαχΗ	conj	698
1	700	’	ADV	Pd		’	cc	698
1	701	δι’	ADP	R-		δι’	conj	698
1	702	φ̀	NOUN	Df		φ̀	conj	698
1	703	ὁ	DET	S-	Case=Nom|Definite=Def|Gender=Masc|Number=Sing|PronType=Dem	ὁ	det	704
1	704	ιάβω,,ς	ADV	Df		ιάβω,,ς	conj	698
1	705	κ‘ἳλιπhlι	ADV	Df		κ‘ἳλιπhlι	dep	698
1	706	τῆ	DET	S-	Case=Dat|Definite=Def|Gender=Fem|Number=Sing|PronType=Dem	ὁ	det	707
1	707	ιφ̀̀́β·σιτΤ	PROPN	Ne		ιφ̀̀́β·σιτΤ	dislocated	698
1	708	πιηlδ‘4ὶς	X	Df		πιηlδ‘4ὶς	conj	698
1	709	,	PUNCT	Z		,	conj	681
1	710	ὦί	PRON	Pr	Case=Dat|Gender=Masc|Number=Sing|PronType=Rel	ὦί	iobj	711
1	711	Tti	ADV	Df		Tti	dep	712
1	712	ΐ’ΐτ	ADV	Ne		ΐ’ΐτ	vocative	725
1	713	’	CCONJ	Pp		’	det	712
1	714	m̓ητΥ͂	ADV	Df		m̓ητΥ͂	cc	712
1	715	τώ	DET	S-	Case=Dat|Definite=Def|Gender=Neut|Number=Sing|PronType=Dem	τώ	det	718
1	716	‘	ADV	Df		‘	advmod	718
1	717	lιμό-̔́	ADV	Df		lιμό-̔́ς	dep	718
1	718	θηρία	NOUN	Nb	Case=Nom|Gender=Neut|Number=Plur	θηρίας	dep	714
1	719	‘	NUM	Pd		‘	nmod	718
1	720	’	CCONJ	C-		’	dep	712
1	721	nιλ‘ιιπἀι,,ιιτ‘lν	X	Ne		nιλ‘ιιπἀι,,ιιτ‘lν	vocative	712
1	722	,	PUNCT	Z		,	dep	712
1	723	ιιιl‘ττι,̓ιἱl	X	F-		ιιιl‘ττι,̓ιἱl	dislocated	712
1	724	̔λὸ	ADJ	A-	Case=Nom|Degree=Pos|Gender=Neut|Number=Sing	̔λὸ	conj	712
1	725	·̓̀ι*mΡ	ADV	Df		·̓̀ι*mΡ	ROOT	725
1	726	ιl	ADV	Nb		ιl	ROOT	726
1	727	-	ADV	Df		-	discourse	726
1	728	φιιτ	X	F-		φιιτ	conj	726
1	729	..	PUNCT	Z		..	punct	726
1	730	8ι	X	F-		8ι	ROOT	730
1	731	α·ἱατα	X	Nb		α·ἱατος	vocative	730
1	732	ν̔̀Ορόπων	ADJ	V-	Case=Gen|Degree=Pos|Gender=Masc|Number=Plur	ν̔̀Ορόπω	conj	730
1	733	καὶ	CCONJ	C-		καί	cc	732
1	734	Ἰὰ	ADJ	Ne	Case=Nom|Degree=Pos|Gender=Fem|Number=Sing	Ἰὰς	conj	732
1	735	.	PUNCT	Z		.	punct	730
1	736	βεΙας	PROPN	Ne	Case=Nom|Gender=Masc|Number=Sing	βεΙας	ROOT	736
1	737	,	PUNCT	Z		,	appos	736
1	738	γΓ)5	ADV	Ne		γΓ)5	ROOT	738
1	739	καὶ	CCONJ	C-		καί	cc	740
1	740	πὁλ.̔6	PUNCT	A-		πὁλ.̔6	ROOT	740
1	741	κα	ADV	Df		κα	cc	740
1	742	πάν1ων	VERB	Px	Case=Nom|Gender=Masc|Number=Sing|Tense=Pres|VerbForm=Part|Voice=Act	πάν1ων	conj	740
1	743	τῶ	DET	S-	Case=Dat|Definite=Def|Gender=Masc|Number=Sing|PronType=Dem	ὁ	det	745
1	744	‘	ADV	V-		‘	nmod	745
1	745	κατοικοό-ων	PRON	V-	Case=Gen|Gender=Masc|Number=Plur|PronType=Rel	κατοικοό-ων	dep	742
1	746	υ	INTJ	Nb		υ	appos	740
1	747	ατ̔̀η	NOUN	Nb	Case=Nom|Gender=Fem|Number=Sing	ατ̔̀η	conj	740
1	748	,	PUNCT	Z		,	cc	740
1	749	-iλιν	ADV	A-		-iλις	ROOT	749
1	750	τΙ	DET	Px	Case=Nom|Gender=Neut|Number=Sing	τΙς	det	749
1	751	δ‘̓ιοιον	ADV	A-		δ‘̓ιοιος	amod	754
1	752	τῆς	DET	S-	Case=Gen|Definite=Def|Gender=Fem|Number=Sing|PronType=Dem	ὁ	det	753
1	753	τιμωρίας	NOUN	Nb	Case=Gen|Gender=Fem|Number=Sing	τιμωρίας	iobj	751
1	754	δίίκίη’σι	NOUN	Nb	Case=Dat|Gender=Fem|Number=Sing	δίίκίη’σι	ROOT	754
1	755	,	PUNCT	Z		,	punct	754
1	756	κuὶ	ADV	Df		κuὶ	advmod	785
1	757	ὡς	ADV	Dq	PronType=Rel	ὡς	advmod	756
1	758	οζ̓́κ	PROPN	Ne		οζ̓́κς	dep	756
1	759	ἀλόγως	ADV	Df		ἀλόγως	advmod	756
1	760	ι	NUM	Pp		ι	discourse	756
1	761	ἀδίκως	ADV	Df	Degree=Pos	ἀδίκως	advmod	756
1	762	nιιι	ADV	V-		nιιι	dislocated	756
1	763	fr*ur\i4	ADV	Df		fr*ur\i4	dep	756
1	764	’	NOUN	Nb		’	dep	756
1	765	»	ADV	Nb		»	dep	756
1	766	«	ADV	V-		«	dep	756
1	767	λλ«ι	NUM	Df		λλ«ι	dep	756
1	768	διό	ADV	Df		διό	advmod	770
1	769	τΙ	PRON	Pi	Case=Nom|Gender=Neut|Number=Sing|PronType=Int	τΙς	det	768
1	770	iiijuani	ADV	A-		iiijuani	dep	771
1	771	κὺ	X	F-		κὺ	vocative	756
1	772	τùς	ADV	Nb		τùς	nmod	771
1	773	»	SCONJ	Nb		»	dislocated	756
1	774	ίλλι\	PROPN	Ne	Case=Dat|Gender=Fem|Number=Sing	ίλλι\	conj	756
1	775	-ὺ	ADV	Df		-ὺ	appos	774
1	776	τυϊϊ	PROPN	Ne	Case=Dat|Gender=Masc|Number=Sing	τυϊϊ	iobj	756
1	777	ΛοκτϋηΗϊ	PROPN	Ne	Case=Dat|Gender=Masc|Number=Sing	ΛοκτϋηΗϊ	conj	756
1	778	ιφμὁmτ	CCONJ	C-		ιφμὁmτ	conj	756
1	779	‘	ADV	V-		‘	dep	756
1	780	Ttivrti	ADV	S-		Ttivrti	dislocated	756
1	781	*	ADV	Df		*	dislocated	756
1	782	ὣ	PRON	Pr	Case=Dat|Gender=Masc|Number=Sing|PronType=Rel	ὅς	dislocated	756
1	783	ἠτ‘μὠμμ	ADV	Df		ἠτ‘μὠμμ	conj	756
1	784	-	ADJ	Pp	Case=Nom|Gender=Neut|Number=Sing	-	dislocated	756
1	785	lν	ADV	Nb		lν	ROOT	785
1	786	.	PUNCT	Z		.	punct	785
1	787	κιιὶ	X	Ne		κιιὶ	ROOT	787
1	788	τΙ	PRON	Px	Case=Nom|Gender=Neut|Number=Sing|PronType=Int	τΙς	det	787
1	789	-’τήρον	VERB	V-	Case=Nom|Gender=Neut|Number=Sing|Tense=Pres|VerbForm=Part|Voice=Act	-’τήρος	dislocated	787
1	790	τῆς	DET	S-	Case=Gen|Definite=Def|Gender=Fem|Number=Sing|PronType=Dem	ὁ	det	792
1	791	τοῦ	DET	S-	Case=Gen|Definite=Def|Gender=Masc|Number=Sing|PronType=Dem	ὁ	det	792
1	792	κη,ὠυ	PRON	Pr	Case=Gen|Gender=Masc|Number=Sing|PronType=Rel	κη,ὠυ	nmod	789
1	793	ὀρr	ADV	Nb		ὀρr	dep	787
1	794	-	ADV	Pp		-	discourse	793
1	795	ις	PRON	Pr	Case=Gen|Gender=Fem|Number=Sing|PronType=Rel	ις	dislocated	793
1	796	γ̣ιον	ADJ	Nb	Case=Acc|Degree=Pos|Gender=Neut|Number=Sing	γ̣ιον	appos	787
1	797	,	PUNCT	Z		,	parataxis	787
1	798	καὶ	CCONJ	C-		καί	ROOT	798
1	799	εἰς	ADP	R-		εἰς	case	800
1	800	ToXn4Tru	ADV	V-		ToXn4Tru	ROOT	800
1	801	>	ADV	V-		>	nmod	800
1	802	p4ai	ADV	Nb		p4ai	ROOT	802
1	803	’	CCONJ	C-		’	appos	802
1	804	ΐιτύ	PROPN	Ne		ΐιτύ	conj	802
1	805	ἳρἰων	NOUN	Nb	Case=Gen|Gender=Neut|Number=Plur	ἳρἰων	nmod	804
1	806	τ-̔̀̀ν	ADV	Pr		τ-̔̀̀ν	det	805
1	807	ῥωμιdκῶν	ADV	C-		ῥωμιdκός	appos	804
1	808	δηλοδὴ	PROPN	Ne	Case=Nom|Gender=Masc|Number=Sing	δηλοδὴ	conj	804
1	809	ατιlτ‘υ	X	Ne		ατιlτ‘υ	conj	802
1	810	.	PUNCT	Z		.	ROOT	810
1	811	μιiτὤ	PROPN	Ne	Case=Dat|Gender=Masc|Number=Sing	μιiτὤς	iobj	812
1	812	m̔̀ιιι‘ἱmν	ADV	V-		m̔̀ιιι‘ἱmν	ROOT	812
1	813	.	PUNCT	Z		.	punct	812
1	814	ί^Λ	ADV	Df		ί^Λ	ROOT	814
1	815	η\	ADV	V-		η\	conj	814
1	816	ἆ,3	ADV	Pr		ἆ,3	conj	814
1	817	τῶν	DET	S-	Case=Gen|Definite=Def|Gender=Masc|Number=Plur|PronType=Dem	ὁ	det	818
1	818	πρ‘’φητῶν	NOUN	Nb	Case=Gen|Gender=Masc|Number=Plur	πρ‘’φητέω	dep	814
1	819	,	PUNCT	Z		,	conj	814
1	820	κοὶ	PRON	Pi	Case=Nom|Gender=Masc|Number=Plur|PronType=Int	κοὶ	ROOT	820
1	821	η)Γ•	ADV	Df		η)Γ•	nsubj	820
1	822	Kυρἱ’υ	PRON	Ne	Case=Acc|Gender=Neut|Number=Sing|PronType=Rel	Kυρἱ’υ	conj	820
1	823	καὶ	CCONJ	C-		καί	cc	822
1	824	τ.-ι	ADV	Df		τ.-ι	ROOT	824
1	825	τοὺ	DET	S-	Case=Gen|Definite=Def|Gender=Masc|Number=Sing|PronType=Dem	ὁ	det	827
1	826	κrμου	ADJ	A-	Case=Gen|Degree=Pos|Gender=Masc|Number=Sing	κrμος	amod	827
1	827	μιιμσῶν·	NOUN	V-	Case=Gen|Gender=Masc|Number=Plur	μιιμσῶν·	nmod	824
1	828	,	PUNCT	Z		,	cc	824
1	829	γτφ́ισιν	NOUN	Nb	Case=Nom|Gender=Masc|Number=Plur	γτφ́ι	conj	824
1	830	Τρ	VERB	V-	Mood=Ind|Number=Sing|Person=1|Tense=Pres|VerbForm=Fin|Voice=Act	τρ	conj	824
1	831	l̔̀ι	CCONJ	C-		l̔̀ι	cc	824
1	832	αὐτοὶ	ADJ	Pd	Case=Nom|Gender=Masc|Number=Plur	αὐτός	nsubj	831
1	833	‘	ADV	Df	Polarity=Neg	‘	dislocated	824
1	834	Κ’ν	ADV	Df		Κ’ν	fixed	824
1	835	λιγ̓λί	PROPN	Ne		λιγ̓λί	conj	834
1	836	-	ADV	Pp		-	conj	824
1	837	,	PUNCT	Z		,	punct	824
1	838	τι)»•	ADV	A-		τι)»•	vocative	839
1	839	ει’	SCONJ	G-		ει’	ROOT	839
1	840	.	PUNCT	Z		.	punct	839
1	841	‘ι	INTJ	Df		‘ιῦ	ROOT	841
1	842	‘	X	A-		‘	appos	841
1	843	’	CCONJ	C-		’	cc	841
1	844	κκλησἰαν	NOUN	Nb	Case=Acc|Gender=Fem|Number=Sing	κκλησἰαν	conj	841
1	845	,	PUNCT	Z		,	conj	841
1	846	,	PUNCT	Z		,	punct	841
1	847	μς	PRON	Pr	Case=Nom|Gender=Masc|Number=Sing|PronType=Rel	μς	ROOT	847
1	848	κοὶ	PRON	Pi	Case=Nom|Gender=Fem|Number=Sing|PronType=Int	κοὶ	dislocated	847
1	849	γῆ	NOUN	Nb	Case=Nom|Gender=Fem|Number=Sing	γῆ	conj	847
1	850	‘	NUM	V-		‘	conj	847
1	851	·στι	PUNCT	Z		·ιμι	ROOT	851
1	852	τοῦ	DET	S-	Case=Gen|Definite=Def|Gender=Masc|Number=Sing|PronType=Dem	ὁ	det	853
1	853	Οε	INTJ	Ne		οε	nmod	854
1	854	,	PUNCT	Z		,	ROOT	854
1	855	ζ	PROPN	Ne		ζ	nmod	854
1	856	ἳι	PROPN	Ne		ἳι	appos	854
1	857	ὼις	PRON	Pr	Case=Nom|Gender=Masc|Number=Plur|PronType=Rel	ὼις	conj	854
1	858	Κ	ADV	Df		Κ	advmod	857
1	859	φ̔̀ελ‘-ι	X	Ne		φ̔̀ελ‘-ι	conj	854
1	860	γλυπτὸν	ADJ	A-	Case=Acc|Degree=Pos|Gender=Neut|Number=Sing	γλυπτός	obj	859
1	861	.	PUNCT	Z		.	punct	854
1	862	ὅτι	ADV	Df		ὅτι	advmod	863
1	863	ἱΤλυ·ἄ	PRON	Pr	Case=Nom|Gender=Neut|Number=Sing|PronType=Int	ἱΤλυ·ἄ	ROOT	863
1	864	αυτό	PRON	Pp	Case=Acc|Gender=Neut|Number=Sing|Person=3|PronType=Prs	αυτό	det	863
1	865	"	PROPN	A-		"	vocative	863
1	866	ἰπλααuν	ADV	Df		ἰπλααuν	parataxis	863
1	867	αδιὸ	ADV	Df		αδιὸ	dislocated	863
1	868	λω	X	A-		λω	dislocated	863
1	869	-	ADV	Df		-	dislocated	863
1	870	ομα	NOUN	Nb		ομα	conj	863
1	871	.	PUNCT	Z		.	punct	863
1	872	φαντασίαν	NOUN	Nb	Case=Acc|Gender=Fem|Number=Sing	φαντασίαν	ROOT	872
1	873	ψίυδή	PROPN	Ne	Case=Nom|Gender=Fem|Number=Sing	ψίυδή	vocative	872
1	874	,	PUNCT	Z		,	parataxis	872
1	875	ὅτι	SCONJ	G-		ὅτι	mark	876
1	876	πΙποιΟ‘̓́	VERB	V-	Mood=Opt|Number=Sing|Person=3|Tense=Pres|VerbForm=Fin|Voice=Mid	πΙποιΟ‘̓́	ROOT	876
1	877	Ι	SCONJ	Pr		Ι	obj	878
1	878	πλάσας	VERB	V-	Aspect=Perf|Case=Nom|Gender=Masc|Number=Sing|Tense=Past|VerbForm=Part|Voice=Act	πλάω	advcl	876
1	879	ἰ̔̀	ADV	Ne		ἰ̔̀	obj	878
1	880	τΙ	DET	Px	Case=Acc|Gender=Neut|Number=Sing	τΙς	det	878
1	881	‘	ADV	Df		‘	dep	878
1	882	α	PRON	Pr	Case=Acc|Gender=Neut|Number=Plur|PronType=Rel	α	obj	883
1	883	αΙτοὺ	VERB	V-	Mood=Ind|Number=Sing|Person=1|Tense=Pres|VerbForm=Fin|Voice=Act	αΙτοὺ	advcl	878
1	884	,	PUNCT	Z		,	ROOT	884
1	885	ἰοῦ	PROPN	Ne	Case=Gen|Gender=Masc|Number=Sing	ἰός	nmod	884
1	886	ποιῆσαι	VERB	V-	Aspect=Perf|Tense=Past|VerbForm=Inf|Voice=Act	ποιέω	conj	884
1	887	ίΓδωλα	NOUN	Nb	Case=Acc|Gender=Neut|Number=Plur	ίΓδωλα	obj	886
1	888	κωφαὶ	ADJ	A-	Case=Nom|Degree=Pos|Gender=Fem|Number=Plur	κωφή	ROOT	888
1	889	οἱ	DET	S-	Case=Nom|Definite=Def|Gender=Masc|Number=Plur|PronType=Dem	ὁ	det	890
1	890	β‘φ’λω·-ω	ADV	Pr		β‘φ’λω·-ω	dep	888
1	891	τοῦ	DET	S-	Case=Gen|Definite=Def|Gender=Masc|Number=Sing|PronType=Dem	ὁ	det	892
1	892	κi·ρου	PROPN	Ne	Case=Gen|Gender=Masc|Number=Sing	κi·ρου	nmod	890
1	893	‘	ADV	A-		‘	dislocated	888
1	894	·-στἰα	ADV	Nb		·-στἰα	nsubj	888
1	895	.	PUNCT	Z		.	punct	888
1	896	Ttv$	CCONJ	C-		Ttv$	ROOT	896
1	897	4S	ADV	Df		4S	advmod	896
1	898	iπὶ	ADJ	A-	Case=Dat|Degree=Pos|Gender=Neut|Number=Sing	iπὶ	conj	896
1	899	τκΐ	X	Df		τκΐ	appos	898
1	900	‘	ADV	Pd	Polarity=Neg	‘	appos	898
1	901	Y̓̓́ιοα	ADV	Nb		Y̓̓́ιοα	parataxis	896
1	902	κιΐΐ	NOUN	Ne		κιΐΐ	conj	901
1	903	tuj	ADV	Nb		tuj	vocative	896
1	904	p	ADV	Nb		p	dep	896
1	905	,	PUNCT	Z		,	punct	896
1	906	μἰ̔ας	NUM	Ma	Case=Gen|Gender=Fem|Number=Sing	μἰ̔ας	nummod	907
1	907	rrfKhnjin»»•	ADV	Df		rrfKhnjin»»•ς	ROOT	907
1	908	"	ADV	A-		"	vocative	916
1	909	διὸ	ADV	Df		διό	advmod	908
1	910	ἣ·	CCONJ	Df		ἣ·	discourse	909
1	911	ὁ	DET	S-	Case=Nom|Definite=Def|Gender=Masc|Number=Sing|PronType=Dem	ὁ	det	912
1	912	αἴφνης	ADV	Df		αἴφνης	advmod	909
1	913	η)»•	ADV	Df		η)»•	dislocated	908
1	914	ιaa̓,ἰἱτὠν	NOUN	Nb	Case=Gen|Gender=Masc|Number=Plur	ιaa̓,ἰἱτὠν	amod	915
1	915	αιτνύ»•	ADV	Nb		αιτνύ»•	conj	908
1	916	,	PUNCT	Z		,	ROOT	916
1	917	οί	PRON	Pp	Case=Dat|Gender=Masc|Number=Sing|Person=3|PronType=Prs	οί	nsubj	925
1	918	η»Γ	ADV	Df		η»Γ	nsubj	917
1	919	’	CCONJ	C-		’	cc	917
1	920	μ‘̀ν	ADV	Pr		μ‘̀ν	dep	917
1	921	‘	ADV	A-		‘	dep	917
1	922	iλἣ-,υ	ADV	Df		iλἣ-,υ	conj	917
1	923	Θ‘οῦ	ADV	Df	Polarity=Neg	Θ‘οῦ	dep	917
1	924	Ti	ADV	Df		Ti	dislocated	917
1	925	>	ADV	Df		>	ROOT	925
1	926	y	ADV	Nb		y	dep	925
1	927	1̔̀Ιν	ADV	Nb		1̔̀Ιν	dep	926
1	928	‘	ADV	Df		‘	dep	926
1	929	’	CCONJ	C-		’	cc	925
1	930	κσρηοην	PROPN	Ne		κσρηοην	conj	925
1	931	,	PUNCT	Z		,	dep	925
1	932	i‘ἰρι	PROPN	A-		i‘ἰρι	ROOT	932
1	933	,	PUNCT	Z		,	appos	932
1	934	ι·ν	ADV	Pr	Polarity=Neg	ι·ν	conj	932
1	935	ί	ADV	Df		ί	appos	934
1	936	*	ADV	Df		*	advmod	935
1	937	εἰ‘λ̓̀-	SCONJ	G-		εἰ‘λ̓̀-	orphan	935
1	938	,	PUNCT	Z		,	conj	932
1	939	Γοΰ	PROPN	Ne	Case=Gen|Gender=Masc|Number=Sing	Γοΰ	nmod	938
1	940	’	CCONJ	Pd		’	conj	932
1	941	μὴ	ADV	Df	Polarity=Neg	μή	advmod	942
1	942	δυ-1μ‘,̔̀ις	ADV	Nb		δυ-1μ‘,̔̀ις	conj	932
1	943	mὺς	ADV	Df		mὺς	dep	932
1	944	ἐκ	ADP	R-		ἐκ	case	945
1	945	τώ»•	PRON	A-	Case=Nom|Gender=Neut|Number=Sing|Person=3|PronType=Prs	τώ»•	dep	932
1	946	ειθιw	ADV	Df		ειθιw	ROOT	946
1	947	-	ADV	Df		-	advmod	946
1	948	ι	ADJ	Pd	Case=Acc|Gender=Neut|Number=Sing	ι	dep	946
1	949	ῥιαuσl̔̀ι	ADV	Df		ῥιαuσl̔̀ι	dep	946
1	950	.	PUNCT	Z		.	punct	946
1	951	τ.-	PUNCT	Pr		τ.-	ROOT	951
1	952	iV	ADV	Nb		iV	ROOT	952
1	953	«	ADV	Pp	Polarity=Neg	«	xcomp	954
1	954	ίώλων	PROPN	Ne	Case=Nom|Gender=Fem|Number=Sing	ίώλος	ROOT	954
1	955	όιΓνί	PROPN	Pp		όιΓνί	appos	954
1	956	λ·	NUM	Pr		λ·	punct	954
1	957	μmιλλιμ	ADV	Df		μmιλλιμ	cc	958
1	958	̔λͅης	PROPN	Ne	Case=Gen|Gender=Fem|Number=Sing	̔λͅης	ROOT	958
1	959	κατΫσκίίχιίτπΝ	PROPN	Ne		κατΫσκίίχιίτπΝ	conj	958
1	960	τώ	DET	S-	Case=Dat|Definite=Def|Gender=Neut|Number=Sing|PronType=Dem	τώ	det	961
1	961	μ	PRON	Pp	Case=Dat|Gender=Masc|Number=Sing|Person=1|PronType=Prs	μ	dep	959
1	962	κuὶ	ADV	Df		κuὶ	dep	958
1	963	iλιιω	ADJ	A-	Case=Dat|Degree=Pos|Gender=Neut|Number=Sing	iλιιω	iobj	962
1	964	,	PUNCT	Z		,	conj	958
1	965	\«>»^ιματ	ADV	Ne		\«>»^ιματ	ROOT	965
1	966	«	ADV	Df		«	appos	965
1	967	μ‘·ντ1̓́	ADV	Pr	PronType=Rel	μ‘·ντ1̓́	ROOT	967
1	968	-ίν1n	ADV	Df		-ίν1n	appos	967
1	969	,	PUNCT	Z		,	parataxis	967
1	970	ίί	X	Ne		ίί	ROOT	970
1	971	καἰ	CCONJ	C-		εἰ	cc	970
1	972	Γ4ν	ADV	Df		Γ4ν	conj	970
1	973	«	ADV	Pp		«	vocative	974
1	974	ἰιι	PROPN	Ne		ἰιι	ROOT	974
1	975	,	PUNCT	Z		,	appos	974
1	976	τiκ	PROPN	Ne		τiκ	ROOT	976
1	977	,	PUNCT	Z		,	advmod	976
1	978	πιαν	PROPN	Ne		πια	conj	976
1	979	‘	ADV	Df		‘	dislocated	976
1	980	ι’χον	NUM	V-		ι’χον	appos	976
1	981	ni	ADV	Df		ni	conj	976
1	982	ψυ.τό	PUNCT	Pp		ψυ.τό	ROOT	982
1	983	.	PUNCT	Z		.	punct	982
1	984	η»Γτ	ADV	Df		η»Γτ	ROOT	984
1	985	«	ADV	Df		«	dislocated	984
1	986	μίι	NUM	Ma	Case=Dat|Gender=Fem|Number=Sing	μίι	vocative	984
1	987	»	SCONJ	G-		»	dislocated	984
1	988	γφ	PROPN	Ne		γφ	nsubj	984
1	989	mητλή†υι	ADV	Nb		mητλή†υι	ROOT	989
1	990	ἦσιν	PRON	Pr	Case=Nom|Gender=Fem|Number=Sing|PronType=Rel	ἦμι	nmod	989
1	991	κοὶ	PRON	Pi	Case=Nom|Gender=Neut|Number=Sing|PronType=Int	οὶ	conj	989
1	992	ἵσω	ADJ	A-	Case=Dat|Degree=Pos|Gender=Masc|Number=Sing	ἵσω	conj	989
1	993	,	PUNCT	Z		,	ROOT	993
1	994	μὴ	ADV	Df	Polarity=Neg	μή	advmod	993
1	995	«	ADV	Df		«	dep	993
1	996	^οίΤιΐ	PRON	Pr	Case=Dat|Gender=Neut|Number=Sing|Person=3|PronType=Prs	^οίΤιΐ	iobj	993
1	997	ἅ	PRON	Pr	Case=Nom|Gender=Neut|Number=Plur|PronType=Rel	ὅς	nsubj	998
1	998	ἱν	PROPN	Ne	Case=Nom|Gender=Fem|Number=Sing	ἱν	conj	993
1	999	,	PUNCT	Z		,	ROOT	999
1	1000	d-ἇ	ADV	Pr		d-ἇ	ROOT	1000
1	1001	’	CCONJ	C-		’	fixed	1000
1	1002	τ̔̀	ADV	Pr		τ̔̀	conj	1000
1	1003	δ	ADV	Df		ΑΒΓ	dep	1000
1	1004	«	ADV	Df		«	dep	1000
1	1005	Β•λ(«στ	ADV	Pr		Β•λ(«στ	conj	1000
1	1006	«	ADV	Df		«	dep	1000
1	1007	‘	ADV	Df	Polarity=Neg	‘	dislocated	1000
1	1008	τι’ιφληnὶ	PRON	Pi	Case=Nom|Gender=Neut|Number=Sing|PronType=Int	τι’ιφληnὶ	dislocated	1000
1	1009	l̔̀ι	ADV	Df		l̔̀ι	dep	1000
1	1010	ὰλλοτμας	NOUN	Nb	Case=Acc|Gender=Fem|Number=Plur	ὰλλοτμα	conj	1000
1	1011	‘	ADP	Df		‘	case	1000
1	1012	ίν^ίοβ^ν	SCONJ	G-		ίν^ίοβ^ν	dislocated	1000
1	1013	γ«μοιτα	X	Pp		γ«μοιτα	conj	1000
1	1014	,	PUNCT	Z		,	ROOT	1014
1	1015	πἰmyης	ADV	Nb		πἰmyης	ROOT	1015
1	1016	ἢ	CCONJ	C-		ἤ	advmod	1015
1	1017	κηροῦ	NOUN	Nb	Case=Gen|Gender=Masc|Number=Sing	κηρός	dislocated	1015
1	1018	η	DET	C-	Case=Nom|Definite=Def|Gender=Fem|Number=Sing|PronType=Dem	η	dislocated	1015
1	1019	.φοὺ	PUNCT	Z		.φοὺ	punct	1015
1	1020	‘	VERB	A-	Tense=Pres|VerbForm=Inf|Voice=Act	‘	ROOT	1020
1	1021	’	CCONJ	A-		’	cc	1022
1	1022	γλ,-υ	ADV	Nb		γλ,-υ	ROOT	1022
1	1023	iV	ADV	Nb		iV	ROOT	1023
1	1024	κlὶ	ADV	Nb		κlὶ	amod	1025
1	1025	λωι	NOUN	Ne	Case=Dat|Gender=Masc|Number=Sing	λωι	appos	1023
1	1026	-	ADV	Pp		-	det	1025
1	1027	l	ADV	Nb		l	appos	1023
1	1028	γλιπ”1̀	NOUN	Nb		γλιπ”1̀	conj	1023
1	1029	l̔̀ι	ADV	S-		l̔̀ι	dep	1023
1	1030	ν·λιm	ADV	Pr	Polarity=Neg	ν·λιm	ROOT	1030
1	1031	,	PUNCT	Z		,	punct	1030
1	1032	γλιπẃ	ADV	F-		γλιπẃ	ROOT	1032
1	1033	re	ADV	Df		re	appos	1032
1	1034	κοὶ	PRON	Pi	Case=Nom|Gender=Fem|Number=Sing|PronType=Int	κοὶ	conj	1032
1	1035	ιη7ΐ4;Α\7τχί	X	Ne		ιη7ΐ4;Α\7τχί	conj	1032
1	1036	"	CCONJ	C-		"	appos	1032
1	1037	ἰσ	ADV	Df		ἰσ	nmod	1032
1	1038	”	PRON	Nb	Case=Dat|Gender=Masc|Number=Sing|Person=1|PronType=Prs	”	dep	1032
1	1039	δ’	ADV	Pp		δ’	amod	1038
1	1040	«	ADV	Df		«	xcomp	1041
1	1041	t	ADV	S-		t	ROOT	1041
1	1042	κο	X	F-		κο	dislocated	1041
1	1043	ζ̀ωυiφων	PROPN	Ne	Case=Gen|Gender=Masc|Number=Sing	ζ̀ωυiφω	dislocated	1041
1	1044	λ‘-ιἴς	X	Ne		λ‘-ιἴς	dislocated	1041
1	1045	Λ	NOUN	Nb	Case=Acc|Gender=Neut|Number=Plur	Λ	appos	1041
1	1046	γλίττων	VERB	V-	Case=Gen|Gender=Masc|Number=Plur|Tense=Pres|VerbForm=Part|Voice=Act	γλίσσω	conj	1041
1	1047	wu	CCONJ	C-		wu	cc	1041
1	1048	πλαοτῶν	VERB	V-	Case=Gen|Gender=Masc|Number=Plur|Tense=Pres|VerbForm=Part|Voice=Act	πλαοτέω	conj	1041
1	1049	,	PUNCT	Z		,	dislocated	1041
1	1050	ί«α	ADV	Pr		ί«α	det	1051
1	1051	γρ	ADV	Nb		γρ	nsubj	1058
1	1052	τῆς	DET	S-	Case=Gen|Definite=Def|Gender=Fem|Number=Sing|PronType=Dem	ὁ	det	1051
1	1053	τὸ3	DET	S-	Case=Acc|Definite=Def|Gender=Neut|Number=Sing|PronType=Dem	τὸ3	det	1054
1	1054	πωι	PRON	Pi	Case=Nom|Gender=Neut|Number=Sing|PronType=Int	πωι	xcomp	1056
1	1055	-	ADV	Pp		-	dep	1054
1	1056	μ	PRON	Pr	Case=Acc|Gender=Masc|Number=Sing|Person=1|PronType=Prs	μ	dep	1051
1	1057	-	ADV	Df		-	appos	1051
1	1058	lι	ADV	Df		lι	ROOT	1058
1	1059	λφως	NOUN	Ne	Case=Nom|Gender=Neut|Number=Sing	λφως	vocative	1058
1	1060	miyni	ADV	Df		miyni	dep	1058
1	1061	α’μ-ἴ‘̔λφ	X	Ne		α’μ-ἴ‘̔λφ	conj	1058
1	1062	τιι	PRON	Pi	Case=Nom|Gender=Neut|Number=Sing|PronType=Int	τιι	conj	1058
1	1063	οιτωσ^ηποτ	ADV	Df		οιτωσ^ηποτ	conj	1058
1	1064	*	ADV	Df		*	discourse	1063
1	1065	κοὶ	ADV	Pi	PronType=Int	κοὶ	dislocated	1058
1	1066	ίξ	PROPN	Ne	Case=Nom|Gender=Masc|Number=Sing	ίξ	conj	1058
1	1067	̔λ̔́ς	PROPN	Nb	Case=Nom|Gender=Masc|Number=Sing	̔λ̔́	conj	1058
1	1068	διια	PROPN	Ne	Case=Dat|Gender=Masc|Number=Sing	διια	vocative	1058
1	1069	,	PUNCT	Z		,	punct	1058
1	1070	τοιν	DET	S-	Case=Dat|Definite=Def|Gender=Neut|Number=Plur|PronType=Dem	τοιμαν	det	1072
1	1071	‘	ADV	Df		‘	amod	1072
1	1072	γἳφ	NOUN	Nb		γἳφ	vocative	1073
1	1073	,	PUNCT	Z		,	ROOT	1073
1	1074	εl.	PUNCT	Z		εl.	ROOT	1074
1	1075	ὤλα	X	Ne		ὤλα	ROOT	1075
1	1076	ί	ADV	Df		ί	appos	1075
1	1077	*	ADV	Df		*	dep	1075
1	1078	καὶ	CCONJ	C-		καί	cc	1075
1	1079	τὸ	DET	S-	Case=Nom|Definite=Def|Gender=Neut|Number=Sing|PronType=Dem	ὁ	det	1080
1	1080	‘	INTJ	A-		‘	dep	1075
1	1081	·πλοσ̔	NOUN	Nb	Case=Nom|Gender=Masc|Number=Sing	·πλοσ̔	parataxis	1075
1	1082	κοὶ	ADV	Pi	PronType=Int	κοὶ	vocative	1075
1	1083	τὸ	DET	S-	Case=Nom|Definite=Def|Gender=Neut|Number=Sing|PronType=Dem	ὁ	det	1084
1	1084	πλ‘iσμα	NOUN	Nb	Case=Nom|Gender=Neut|Number=Sing	πλ‘iσμα	dep	1075
1	1085	το1̀υ	DET	S-	Case=Nom|Definite=Def|Gender=Neut|Number=Sing|PronType=Dem	το1̀υ	det	1086
1	1086	σημαἰκι	NOUN	Nb		σημαἰκι	nmod	1084
1	1087	.	PUNCT	Z		.	punct	1075
1	1088	ώ	INTJ	I-		ώ	discourse	1089
1	1089	«	ADV	Df		«	advcl	1091
1	1090	ιΓτ\)Γ	X	Ne		ιΓτ\)Γ	nsubj	1089
1	1091	λ̓̔ιuων	ADV	V-		λ̓̔ιuων	ROOT	1091
1	1092	.	PUNCT	Z		.	punct	1091
1	1093	ἱ	INTJ	Ne		ἱ	xcomp	1094
1	1094	,	PUNCT	Z		,	ROOT	1094
1	1095	d	ADV	Df		d	ROOT	1095
1	1096	ιυr̀	ADV	Df		ιυr̀	ROOT	1096
1	1097	mοιτ̀ο	ADV	V-		mοιτ̀ο	dep	1096
1	1098	’	CCONJ	A-		’	ROOT	1098
1	1099	mπω-̓̀ν	ADV	Pr		mπω-̓̀ν	case	1106
1	1100	ὁ	DET	S-	Case=Nom|Definite=Def|Gender=Masc|Number=Sing|PronType=Dem	ὁ	det	1099
1	1101	ττλιίσιΐν	PROPN	Ne		ττλιίσιΐν	conj	1099
1	1102	ἐπὶ	ADP	R-		ἐπί	case	1104
1	1103	τὸ	DET	S-	Case=Acc|Definite=Def|Gender=Neut|Number=Sing|PronType=Dem	ὁ	det	1104
1	1104	πλάσμα	NOUN	Nb	Case=Acc|Gender=Neut|Number=Sing	πλάσμα	obl	1099
1	1105	,	PUNCT	Z		,	parataxis	1099
1	1106	ἳι	X	Ma		ἳι	vocative	1109
1	1107	δ‘ὰ	ADV	Pr		δ‘ός	fixed	1106
1	1108	τοῦτο	ADJ	Pd	Case=Acc|Gender=Neut|Number=Sing	οὗτος	obj	1109
1	1109	ποιοῦσι	VERB	V-	Mood=Ind|Number=Plur|Person=3|Tense=Pres|VerbForm=Fin|Voice=Act	ποιέω	ROOT	1109
1	1110	τὰ	DET	S-	Case=Acc|Definite=Def|Gender=Neut|Number=Plur|PronType=Dem	ὁ	det	1111
1	1111	εἴδωλα·	NOUN	Nb	Case=Acc|Gender=Neut|Number=Plur	εἴδωλα·	obj	1109
1	1112	ὅσῳ	PRON	Pr	Case=Dat|Gender=Neut|Number=Sing|PronType=Rel	ὅσος	obl	1114
1	1113	πλείω	ADJ	A-	Case=Acc|Degree=Cmp|Gender=Neut|Number=Plur	πλείω	obj	1114
1	1114	ποιήσουσι	VERB	V-	Mood=Ind|Number=Plur|Person=3|Tense=Fut|VerbForm=Fin|Voice=Act	ποιήσω	ROOT	1114
1	1115	,	PUNCT	Z		,	punct	1114
1	1116	τοσούτω	ADJ	Pd	Case=Dat|Gender=Neut|Number=Sing	τοσούτω	obl	1120
1	1117	πλείονος	ADJ	A-	Case=Gen|Degree=Pos|Gender=Neut|Number=Sing	πλείονος	amod	1118
1	1118	πλείονος	ADJ	A-	Case=Gen|Degree=Pos|Gender=Neut|Number=Sing	πολύς	iobj	1119
1	1119	ἐπιτυχεῖν	VERB	V-	Aspect=Perf|Tense=Past|VerbForm=Inf|Voice=Act	ἐπιτυγχάνω	xcomp	1120
1	1120	οἰόμενοι	VERB	V-	Case=Nom|Gender=Masc|Number=Plur|Tense=Pres|VerbForm=Part|Voice=Mid	οἰόμενος	ROOT	1120
1	1121	.	PUNCT	Z		.	punct	1120
1	1122	εἰπὼν	VERB	V-	Aspect=Perf|Case=Nom|Gender=Masc|Number=Sing|Tense=Past|VerbForm=Part|Voice=Act	λέγω	advcl	1125
1	1123	δὲ	ADV	Df		δέ	discourse	1125
1	1124	φαντασίαν	NOUN	Nb	Case=Acc|Gender=Fem|Number=Sing	φαντασία	obj	1122
1	1125	προσέθηκε	VERB	V-	Aspect=Perf|Mood=Ind|Number=Sing|Person=3|Tense=Past|VerbForm=Fin|Voice=Act	προσιτέθημι	ROOT	1125
1	1126	κοὶ	PRON	Pi	Case=Acc|Gender=Masc|Number=Sing|PronType=Int	οὶ	det	1140
1	1127	τὸ	DET	S-	Case=Acc|Definite=Def|Gender=Neut|Number=Sing|PronType=Dem	ὁ	det	1128
1	1128	ψευδῆ	ADJ	A-	Case=Acc|Degree=Pos|Gender=Fem|Number=Sing	ψευδής	dep	1125
1	1129	,	PUNCT	Z		,	dep	1125
1	1130	διότι	SCONJ	G-		διότι	mark	1131
1	1131	ἐστὶ	AUX	V-	Mood=Ind|Number=Sing|Person=3|Tense=Pres|VerbForm=Fin|Voice=Act	εἰμί	advcl	1125
1	1132	κοὶ	PRON	Pi	Case=Nom|Gender=Fem|Number=Sing|PronType=Int	κοὶ	det	1133
1	1133	φαντασία	NOUN	Nb	Case=Nom|Gender=Fem|Number=Sing	φαντασία	nsubj	1131
1	1134	ἀληθὴς	ADJ	A-	Case=Nom|Degree=Pos|Gender=Fem,Masc|Number=Sing	ἀληθής	amod	1133
1	1135	,	PUNCT	Z		,	amod	1133
1	1136	ἤτοι	CCONJ	C-		ἤτοι	cc	1142
1	1137	ὅταν	ADV	Dq	PronType=Rel	ὅταν	advmod	1142
1	1138	τις	ADJ	Px	Case=Nom|Gender=Masc|Number=Sing	τίς	nsubj	1142
1	1139	τὰ	DET	S-	Case=Acc|Definite=Def|Gender=Neut|Number=Plur|PronType=Dem	ὁ	det	1140
1	1140	φανέντα	VERB	V-	Aspect=Perf|Case=Acc|Gender=Neut|Number=Plur|Tense=Past|VerbForm=Part|Voice=Pass	φανέντα	obj	1142
1	1141	αὐτῷ	PRON	Pp	Case=Dat|Gender=Masc|Number=Sing|Person=3|PronType=Prs	αὐτός	iobj	1140
1	1142	ἀναπολῇ	VERB	V-	Aspect=Perf|Mood=Sub|Number=Sing|Person=3|Tense=Past|VerbForm=Fin|Voice=Act	ἀναπολή	acl	1133
1	1143	αὖθις	ADV	Df		αὖθις	advmod	1142
1	1144	καθ’	ADP	R-		καθ’	case	1145
1	1145	ἑαυτὸν	PRON	Pk	Case=Acc|Gender=Masc|Number=Sing|Person=3|PronType=Prs|Reflex=Yes	ἑαυτοῦ	obl	1142
1	1146	τοιαῦτα	ADJ	Pd	Case=Nom|Gender=Neut|Number=Plur	τοιοῦτος	obj	1142
1	1147	οἷα	PRON	Pr	Case=Acc|Gender=Neut|Number=Plur|PronType=Rel	οἷος	xcomp	1148
1	1148	ἐφάνησαν	VERB	V-	Aspect=Perf|Mood=Ind|Number=Plur|Person=3|Tense=Past|VerbForm=Fin|Voice=Pass	ἐφάνηζω	acl	1146
1	1149	,	PUNCT	Z		,	dep	1125
1	1150	ἢ	CCONJ	C-		ἤ	cc	1152
1	1151	φαντασίαν	NOUN	Nb	Case=Acc|Gender=Fem|Number=Sing	φαντασίαν	obj	1152
1	1152	οἶδεν	VERB	V-	Aspect=Perf|Mood=Ind|Number=Sing|Person=3|Tense=Past|VerbForm=Fin|Voice=Act	οἶδα	ROOT	1152
1	1153	ἡ	DET	S-	Case=Nom|Definite=Def|Gender=Fem|Number=Sing|PronType=Dem	ὁ	det	1154
1	1154	γραφὴ	NOUN	Nb	Case=Nom|Gender=Fem|Number=Sing	γραφή	nsubj	1152
1	1155	καὶ	ADV	Df		καί	cc	1151
1	1156	τὴν	DET	S-	Case=Acc|Definite=Def|Gender=Fem|Number=Sing|PronType=Dem	ὁ	det	1157
1	1157	λαμπρότητα	NOUN	Nb	Case=Acc|Gender=Fem|Number=Sing	λαμπρότης	obj	1152
1	1158	.	PUNCT	Z		.	punct	1152
1	1159	ἐπεὶ	SCONJ	G-		ἐπεί	mark	1164
1	1160	οὖν	ADV	Df		οὖν	discourse	1164
1	1161	πολλαὶ	ADJ	A-	Case=Nom|Degree=Pos|Gender=Fem|Number=Plur	πολύς	amod	1162
1	1162	λαμπρότητές	NOUN	Nb	Case=Nom|Gender=Fem|Number=Plur	λαμπρότητές	nsubj	1164
1	1163	εἰσιν	AUX	V-	Mood=Ind|Number=Plur|Person=3|Tense=Pres|VerbForm=Fin|Voice=Act	εἰμί	cop	1164
1	1164	ὑφεστῶσαι	VERB	V-	Aspect=Perf|Case=Nom|Gender=Fem|Number=Plur|Tense=Past|VerbForm=Part|Voice=Act	ὑφεστῶζω	ROOT	1164
1	1165	,	PUNCT	Z		,	punct	1164
1	1166	ἅτε	ADV	Df		ἅτε	advmod	1167
1	1167	κοὶ	NOUN	Px	Case=Nom|Gender=Fem|Number=Plur	κοὶ	ROOT	1167
1	1168	πραγμάτων	NOUN	Nb	Case=Gen|Gender=Neut|Number=Plur	πραγμάτωνμι	nmod	1167
1	1169	οὖσαι	AUX	V-	Case=Nom|Gender=Fem|Number=Plur|Tense=Pres|VerbForm=Part|Voice=Act	εἰμί	cop	1167
1	1170	τοιούτων	DET	Pd	Case=Gen|Gender=Neut|Number=Plur	τοιούτω	det	1167
1	1171	,	PUNCT	Z		,	punct	1167
1	1172	ἡ	DET	S-	Case=Nom|Definite=Def|Gender=Fem|Number=Sing|PronType=Dem	ὁ	det	1176
1	1173	δὲ	ADV	Df		δέ	discourse	1177
1	1174	τῶν	DET	S-	Case=Gen|Definite=Def|Number=Plur|PronType=Dem	ὁ	det	1175
1	1175	εἰδώλων	NOUN	Nb	Case=Gen|Gender=Neut|Number=Plur	εἰδώλων	nmod	1176
1	1176	λαμπρότης	NOUN	Nb	Case=Nom|Gender=Fem|Number=Sing	λαμπρότης	nsubj	1177
1	1177	ἀνυπόστατός	ADJ	A-	Case=Nom|Degree=Pos|Gender=Fem,Masc|Number=Sing	ἀνυπόστατός	ROOT	1177
1	1178	ἐστιν·	AUX	V-	Mood=Ind|Number=Sing|Person=3|Tense=Pres|VerbForm=Fin|Voice=Act	ἐστιν·	cop	1177
1	1179	ἀνυποστάτων	ADJ	A-	Case=Gen|Degree=Pos|Gender=Neut|Number=Plur	ἀνυποστάτων	parataxis	1183
1	1180	διὸ	ADV	Df		διό	advmod	1183
1	1181	τοῦτο	ADJ	Pd	Case=Acc|Gender=Neut|Number=Sing	οὗτος	obj	1183
1	1182	φαντασίαν	NOUN	Nb	Case=Acc|Gender=Fem|Number=Sing	φαντασίαν	obj	1183
1	1183	εἴρηκε	VERB	V-	Aspect=Perf|Mood=Ind|Number=Sing|Person=3|Tense=Past|VerbForm=Fin|Voice=Act	ἐρῶ	ROOT	1183
1	1184	ψευδῆ	ADJ	A-	Case=Acc|Degree=Pos|Gender=Fem|Number=Sing	ψευδής	amod	1181
1	1185	.	PUNCT	Z		.	punct	1183
1	1186	οὐαὶ	INTJ	I-		οὐαί	vocative	1191
1	1187	ὁ	DET	S-	Case=Nom|Definite=Def|Gender=Masc|Number=Sing|PronType=Dem	ὁ	det	1188
1	1188	λέγων	VERB	V-	Case=Nom|Gender=Masc|Number=Sing|Tense=Pres|VerbForm=Part|Voice=Act	λέγω	vocative	1186
1	1189	τῷ	DET	S-	Case=Dat|Definite=Def|Gender=Neut|Number=Sing|PronType=Dem	ὁ	det	1190
1	1190	ξύλῳ	NOUN	Nb	Case=Dat|Gender=Neut|Number=Sing	ξύλον	iobj	1188
1	1191	Ἔκνηψον	VERB	V-	Aspect=Perf|Mood=Imp|Number=Sing|Person=2|Tense=Past|VerbForm=Fin|Voice=Act	Ἔκνηψον	ROOT	1191
1	1192	,	PUNCT	Z		,	cc	1191
1	1193	ἐγέρθητι	VERB	V-	Aspect=Perf|Mood=Imp|Number=Sing|Person=2|Tense=Past|VerbForm=Fin|Voice=Pass	ἐγείρω	conj	1191
1	1194	,	PUNCT	Z		,	punct	1191
1	1195	καὶ	CCONJ	C-		καί	cc	1198
1	1196	τῷ	DET	S-	Case=Dat|Definite=Def|Gender=Masc|Number=Sing|PronType=Dem	ὁ	det	1197
1	1197	λίθῳ	NOUN	Nb	Case=Dat|Gender=Masc|Number=Sing	λίθος	iobj	1198
1	1198	῾Υψώθητι·	VERB	V-	Aspect=Perf|Mood=Imp|Number=Sing|Person=2|Tense=Past|VerbForm=Fin|Voice=Pass	῾Υψώθητι·	ROOT	1198
1	1199	καὶ	CCONJ	C-		καί	cc	1202
1	1200	αὐτό	PRON	Pp	Case=Nom|Gender=Neut|Number=Sing|Person=3|PronType=Prs	αὐτό	nsubj	1202
1	1201	ἐστι	AUX	V-	Mood=Ind|Number=Sing|Person=3|Tense=Pres|VerbForm=Fin|Voice=Act	εἰμί	cop	1202
1	1202	φαντασία	NOUN	Nb	Case=Nom|Gender=Fem|Number=Sing	φαντασία	xcomp	1198
1	1203	.	PUNCT	Z		.	punct	1202
1	1204	θρηνεῖ	VERB	V-	Mood=Imp|Number=Sing|Person=2|Tense=Pres|VerbForm=Fin|Voice=Act	θρηνέω	ROOT	1204
1	1205	τοὺς	DET	S-	Case=Acc|Definite=Def|Gender=Masc|Number=Plur|PronType=Dem	ὁ	det	1209
1	1206	ἐν	ADP	R-		ἐν	case	1209
1	1207	ταῖς	DET	S-	Case=Dat|Definite=Def|Gender=Fem|Number=Plur|PronType=Dem	ὁ	det	1209
1	1208	περιεχούσαις	VERB	V-	Case=Dat|Gender=Fem|Number=Plur|Tense=Pres|VerbForm=Part|Voice=Act	περιεχούσα	acl	1209
1	1209	συμφοραῖς	NOUN	Nb	Case=Dat|Gender=Fem|Number=Plur	συμφορά	obl	1204
1	1210	μὴ	ADV	Df	Polarity=Neg	μή	advmod	1214
1	1211	ἐπὶ	ADP	R-		ἐπί	case	1214
1	1212	τὸν	DET	S-	Case=Acc|Definite=Def|Gender=Masc|Number=Sing|PronType=Dem	ὁ	det	1214
1	1213	σῶσαι	VERB	V-	Aspect=Perf|Tense=Past|VerbForm=Inf|Voice=Act	σῴζω	xcomp	1214
1	1214	δυνάμενον	VERB	V-	Case=Acc|Gender=Masc|Number=Sing|Tense=Pres|VerbForm=Part|Voice=Mid	δυνάμενος	dep	1209
1	1215	καταφεύγοντας	VERB	V-	Case=Acc|Gender=Masc|Number=Plur|Tense=Pres|VerbForm=Part|Voice=Act	καταφεύγω	xcomp	1214
1	1216	,	PUNCT	Z		,	advmod	1204
1	1217	ἀλλ’	CCONJ	C-		ἀλλ’	cc	1204
1	1218	ἐπὶ	ADP	R-		ἐπί	case	1223
1	1219	τὰ	DET	S-	Case=Acc|Definite=Def|Gender=Neut|Number=Plur|PronType=Dem	ὁ	det	1223
1	1220	ξύλινα	ADJ	A-	Case=Acc|Degree=Pos|Gender=Neut|Number=Plur	ξύλινος	amod	1223
1	1221	καὶ	CCONJ	C-		καί	cc	1220
1	1222	λίθινα	ADJ	A-	Case=Acc|Degree=Pos|Gender=Neut|Number=Plur	λίθινος	conj	1220
1	1223	εἴδωλα	NOUN	Nb	Case=Acc|Gender=Neut|Number=Plur	εἴδωλον	obl	1224
1	1224	τρέχοντας	VERB	V-	Case=Acc|Gender=Masc|Number=Plur|Tense=Pres|VerbForm=Part|Voice=Act	τρέχω	conj	1204
1	1225	,	PUNCT	Z		,	cc	1224
1	1226	καὶ	CCONJ	C-		καί	cc	1225
1	1227	δεομένους	VERB	V-	Case=Acc|Gender=Masc|Number=Plur|Tense=Pres|VerbForm=Part|Voice=Mid	δεομένος	conj	1225
1	1228	,	PUNCT	Z		,	advcl	1204
1	1229	ἵνα	SCONJ	G-		ἵνα	mark	1232
1	1230	ὥπερ	PRON	Pr	Case=Dat|Gender=Masc|Number=Sing|PronType=Rel	ὅς	obl	1232
1	1231	ὑπνώττοντα	VERB	V-	Case=Acc|Gender=Masc|Number=Sing|Tense=Pres|VerbForm=Part|Voice=Act	ὑπνώττω	acl	1230
1	1232	διεγερθῶσι	VERB	V-	Aspect=Perf|Mood=Sub|Number=Plur|Person=3|Tense=Past|VerbForm=Fin|Voice=Pass	διεγερθάω	advcl	1204
1	1233	καὶ	CCONJ	C-		καί	cc	1232
1	1234	ὑψωθῶσι	VERB	V-	Aspect=Perf|Mood=Sub|Number=Plur|Person=3|Tense=Past|VerbForm=Fin|Voice=Pass	ὑψωθέω	conj	1232
1	1235	κατὰ	ADP	R-		κατά	case	1237
1	1236	τῶν	DET	S-	Case=Gen|Definite=Def|Gender=Masc|Number=Plur|PronType=Dem	ὁ	det	1237
1	1237	ἐχθρῶν	ADJ	A-	Case=Gen|Degree=Pos|Gender=Masc|Number=Plur	ἐχθρός	obl	1234
1	1238	,	PUNCT	Z		,	obl	1204
1	1239	τὴν	DET	S-	Case=Acc|Definite=Def|Gender=Fem|Number=Sing|PronType=Dem	ὁ	det	1241
1	1240	οἰκείαν	ADJ	A-	Case=Acc|Degree=Pos|Gender=Fem|Number=Sing	οἰκείαν	amod	1241
1	1241	δύναμιν	NOUN	Nb	Case=Acc|Gender=Fem|Number=Sing	δύναμις	obj	1245
1	1242	ὑψηλὴν	ADJ	A-	Case=Acc|Degree=Pos|Gender=Fem|Number=Sing	ὑψηλός	amod	1241
1	1243	κοὶ	NOUN	Nb	Case=Acc|Gender=Fem|Number=Sing	οὶ	obl	1245
1	1244	ἀήττητον	ADJ	A-	Case=Acc|Degree=Pos|Gender=Fem|Number=Sing	ἀήττητος	amod	1243
1	1245	δεικνῦντα	VERB	V-	Case=Nom|Gender=Neut|Number=Plur|Tense=Pres|VerbForm=Part|Voice=Act	δεικνῦντα	ROOT	1245
1	1246	.	PUNCT	Z		.	punct	1245
1	1247	ὅρα	VERB	V-	Mood=Imp|Number=Sing|Person=2|Tense=Pres|VerbForm=Fin|Voice=Act	ὁράω	ROOT	1247
1	1248	δὲ	ADV	Df		δέ	discourse	1247
1	1249	,	PUNCT	Z		,	ccomp	1247
1	1250	πῶς	ADV	Du	PronType=Int	πῶς	advmod	1252
1	1251	οὐκ	ADV	Df	Polarity=Neg	οὐ	advmod	1252
1	1252	εἶπε	VERB	V-	Aspect=Perf|Mood=Ind|Number=Sing|Person=3|Tense=Past|VerbForm=Fin|Voice=Act	λέγω	ccomp	1247
1	1253	Ξύλινον	ADJ	A-	Case=Acc|Degree=Pos|Gender=Masc,Neut|Number=Sing	Ξύλινος	amod	1254
1	1254	εἴδωλον	NOUN	Nb	Case=Acc|Gender=Neut|Number=Sing	εἴδωλον	obj	1252
1	1255	ἢ	CCONJ	C-		ἤ	cc	1254
1	1256	λίθινον	ADJ	A-	Case=Nom|Degree=Pos|Gender=Neut|Number=Sing	λίθινος	conj	1254
1	1257	,	PUNCT	Z		,	dep	1252
1	1258	ἀλλὰ	CCONJ	C-		ἀλλά	cc	1257
1	1259	ξύλον	NOUN	Nb	Case=Acc|Gender=Neut|Number=Sing	ξύλω	conj	1257
1	1260	καὶ	CCONJ	C-		καί	cc	1259
1	1261	λίθον	NOUN	Nb	Case=Acc|Gender=Masc|Number=Sing	λίθος	conj	1259
1	1262	πρὸς	ADP	R-		πρός	case	1263
1	1263	ἐντροπὴν	NOUN	Nb	Case=Acc|Gender=Fem|Number=Sing	ἐντροπή	obl	1257
1	1264	πλείω	ADJ	A-	Case=Acc|Degree=Cmp|Gender=Neut|Number=Plur	πλείω	amod	1263
1	1265	.	PUNCT	Z		.	punct	1247
1	1266	εἰ	SCONJ	G-		εἰ	mark	1271
1	1267	γὰρ	ADV	Df		γάρ	discourse	1271
1	1268	καὶ	ADV	Df		καί	advmod	1269
1	1269	εἶδος	NOUN	Nb	Case=Nom|Gender=Neut|Number=Sing	εἶδος	nsubj	1271
1	1270	ὦι	PRON	Pr	Case=Dat|Gender=Masc|Number=Sing|PronType=Rel	ὦι	nmod	1269
1	1271	φησὶν	VERB	V-	Mood=Ind|Number=Sing|Person=3|Tense=Pres|VerbForm=Fin|Voice=Act	φημί	ROOT	1271
1	1272	ἀνθρώπου	NOUN	Nb	Case=Gen|Gender=Masc|Number=Sing	ἀνθρώπω	dep	1271
1	1273	,	PUNCT	Z		,	dep	1271
1	1274	ἀλλ’	CCONJ	C-		ἀλλ’	cc	1277
1	1275	δμὼς	NOUN	Nb	Case=Nom|Gender=Masc|Number=Sing	δμὼς	nsubj	1277
1	1276	ξύλον	NOUN	Nb	Case=Nom|Gender=Neut|Number=Sing	ξύλος	nsubj	1277
1	1277	μένει	VERB	V-	Mood=Ind|Number=Sing|Person=3|Tense=Pres|VerbForm=Fin|Voice=Act	μένω	dep	1271
1	1278	καὶ	CCONJ	C-		καί	cc	1275
1	1279	λίθος	NOUN	Nb	Case=Nom|Gender=Masc|Number=Sing	λίθος	conj	1275
1	1280	.	PUNCT	Z		.	punct	1271
1	1281	τὸ	DET	S-	Case=Nom|Definite=Def|Gender=Neut|Number=Sing|PronType=Dem	ὁ	det	1283
1	1282	δὲ	ADV	Df		δέ	discourse	1286
1	1283	εἶδος	NOUN	Nb	Case=Nom|Gender=Neut|Number=Sing	εἶδος	nsubj	1286
1	1284	ὃ	PRON	Pr	Case=Acc|Gender=Neut|Number=Sing|PronType=Rel	ὁ	obj	1285
1	1285	περιφέρει	VERB	V-	Mood=Ind|Number=Sing|Person=3|Tense=Pres|VerbForm=Fin|Voice=Act	περιφέρω	acl	1283
1	1286	φαντασία	NOUN	Nb	Case=Nom|Gender=Fem|Number=Sing	φαντασία	ROOT	1286
1	1287	ἐστι·	AUX	V-	Mood=Ind|Number=Sing|Person=3|Tense=Pres|VerbForm=Fin|Voice=Act	ἐστι·	cop	1286
1	1288	ψεύδης	ADJ	A-	Case=Nom|Degree=Pos|Gender=Fem,Masc|Number=Sing	ψεύδης	ROOT	1288
1	1289	πάντως	ADV	Df		πάντως	advmod	1288
1	1290	,	PUNCT	Z		,	advmod	1288
1	1291	ὥσπερ	ADV	Dq	PronType=Rel	ὥσπερ	advmod	1292
1	1292	προεῖπεν·	VERB	V-	Aspect=Perf|Mood=Ind|Number=Sing|Person=3|Tense=Past|VerbForm=Fin|Voice=Act	προεῖπεν·	advcl	1288
1	1293	οὐκ	ADV	Df	Polarity=Neg	οὐ	advmod	1294
1	1294	ἔδει	VERB	V-	Aspect=Imp|Mood=Ind|Number=Sing|Person=3|Tense=Past|VerbForm=Fin|Voice=Act	δεῖ	conj	1288
1	1295	γὰρ	ADV	Df		γάρ	discourse	1294
1	1296	διττολογῖν	VERB	V-	Tense=Pres|VerbForm=Inf|Voice=Act	διττολογῖν	ccomp	1294
1	1297	.	PUNCT	Z		.	punct	1288
1	1298	τοῦτο	ADJ	Pd	Case=Nom|Gender=Neut|Number=Sing	οὗτος	nsubj	1301
1	1299	δἐ	ADV	Df		δἐ	discourse	1301
1	1300	ἐστιν	AUX	V-	Mood=Ind|Number=Sing|Person=3|Tense=Pres|VerbForm=Fin|Voice=Act	εἰμί	cop	1301
1	1301	ἔλασμα	NOUN	Nb	Case=Nom|Gender=Neut|Number=Sing	ἔλασμα	ROOT	1301
1	1302	χρυσίου	NOUN	Nb	Case=Gen|Gender=Neut|Number=Sing	χρυσίον	nmod	1301
1	1303	ἢ	CCONJ	C-		ἤ	cc	1302
1	1304	ἀργυρίου	NOUN	Nb	Case=Gen|Gender=Neut|Number=Sing	ἀργύριον	conj	1302
1	1305	.	PUNCT	Z		.	punct	1301
1	1306	ἀδιανύητον	ADJ	A-	Case=Nom|Degree=Pos|Gender=Neut|Number=Sing	ἀδιανύητος	xcomp	1307
1	1307	φαίνεται	VERB	V-	Mood=Ind|Number=Sing|Person=3|Tense=Pres|VerbForm=Fin|Voice=Mid	φαίνω	ROOT	1307
1	1308	τὸ	DET	S-	Case=Nom|Definite=Def|Gender=Neut|Number=Sing|PronType=Dem	ὁ	det	1309
1	1309	ῥητόν·	PUNCT	Z		ῥητόν·	nsubj	1307
1	1310	λίθον	NOUN	Nb	Case=Acc|Gender=Masc|Number=Sing	λίθος	obj	1312
1	1311	γὰρ	ADV	Df		γάρ	discourse	1315
1	1312	εἰπὼν	VERB	V-	Aspect=Perf|Case=Nom|Gender=Masc|Number=Sing|Tense=Past|VerbForm=Part|Voice=Act	λέγω	advcl	1315
1	1313	καὶ	CCONJ	C-		καί	cc	1312
1	1314	ξύλον	NOUN	Nb	Case=Acc|Gender=Neut|Number=Sing	ξύλω	conj	1312
1	1315	,	PUNCT	Z		,	ROOT	1315
1	1316	ἐπήγαγε	VERB	V-	Aspect=Perf|Mood=Ind|Number=Sing|Person=3|Tense=Past|VerbForm=Fin|Voice=Act	ἐπήγαγε	ROOT	1316
1	1317	Τοῦτο	ADJ	Pd	Case=Nom|Gender=Neut|Number=Sing	οὗτος	nsubj	1320
1	1318	δέ	ADV	Df		δέ	discourse	1320
1	1319	ἐστιν	AUX	V-	Mood=Ind|Number=Sing|Person=3|Tense=Pres|VerbForm=Fin|Voice=Act	εἰμί	cop	1320
1	1320	ἔλασμα	NOUN	Nb	Case=Nom|Gender=Neut|Number=Sing	ἔλασμα	conj	1316
1	1321	χρυσίου	NOUN	Nb	Case=Gen|Gender=Neut|Number=Sing	χρυσίου	nmod	1320
1	1322	ἢ	CCONJ	C-		ἤ	cc	1321
1	1323	ἀργυρίου	NOUN	Nb	Case=Gen|Gender=Neut|Number=Sing	ἀργυρίου	conj	1321
1	1324	.	PUNCT	Z		.	punct	1316
1	1325	δρᾶ	VERB	V-	Mood=Ind|Number=Sing|Person=3|Tense=Pres|VerbForm=Fin|Voice=Act	δράω	ROOT	1325
1	1326	οὖν	ADV	Df		οὖν	discourse	1325
1	1327	τὸ	DET	S-	Case=Nom|Definite=Def|Gender=Neut|Number=Sing|PronType=Dem	ὁ	det	1328
1	1328	ξύλον	NOUN	Nb	Case=Nom|Gender=Neut|Number=Sing	ξύλω	nsubj	1325
1	1329	καὶ	CCONJ	C-		καί	cc	1328
1	1330	ὁ	DET	S-	Case=Nom|Definite=Def|Gender=Masc|Number=Sing|PronType=Dem	ὁ	det	1331
1	1331	λίθος	NOUN	Nb	Case=Nom|Gender=Masc|Number=Sing	λίθος	conj	1328
1	1332	ἔλασμά	NOUN	Nb	Case=Nom|Gender=Neut|Number=Sing	ἔλασμά	parataxis	1325
1	1333	ἐστι	AUX	V-	Mood=Ind|Number=Sing|Person=3|Tense=Pres|VerbForm=Fin|Voice=Act	εἰμί	cop	1332
1	1334	χρυσίου	NOUN	Nb	Case=Gen|Gender=Neut|Number=Sing	χρυσίου	nmod	1332
1	1335	ἢ	CCONJ	C-		ἤ	cc	1334
1	1336	ἀργυρίου	NOUN	Nb	Case=Gen|Gender=Neut|Number=Sing	ἀργύριον	conj	1334
1	1337	;	PUNCT	Z		;	cc	1325
1	1338	οὐχὶ·	ADV	Df	Polarity=Neg	οὐχὶ·	punct	1325
1	1339	ἀλλ’	CCONJ	C-		ἀλλ’	cc	1341
1	1340	οὕτως	ADV	Df		οὕτως	advmod	1341
1	1341	νόησον	VERB	V-	Aspect=Perf|Mood=Imp|Number=Sing|Person=2|Tense=Past|VerbForm=Fin|Voice=Act	νόησος	ROOT	1341
1	1342	.	PUNCT	Z		.	punct	1341
1	1343	τὰ	PRON	Pp	Case=Nom|Gender=Neut|Number=Plur|Person=3|PronType=Prs	ὁ	nsubj	1346
1	1344	μὲν	ADV	Df		μέν	discourse	1346
1	1345	εἰσὶ	AUX	V-	Mood=Ind|Number=Plur|Person=3|Tense=Pres|VerbForm=Fin|Voice=Act	εἰμί	cop	1346
1	1346	ξύλα	NOUN	Nb	Case=Nom|Gender=Neut|Number=Plur	ξύλα	ROOT	1346
1	1347	καὶ	CCONJ	C-		καί	cc	1346
1	1348	λίθοι	NOUN	Nb	Case=Nom|Gender=Masc|Number=Plur	λανθίνω	conj	1346
1	1349	,	PUNCT	Z		,	punct	1346
1	1350	τοῦτο	ADJ	Pd	Case=Nom|Gender=Neut|Number=Sing	οὗτος	nsubj	1351
1	1351	’	INTJ	A-		’	nsubj	1354
1	1352	δε	ADV	Df		δέ	discourse	1354
1	1353	ἐστιν	AUX	V-	Mood=Ind|Number=Sing|Person=3|Tense=Pres|VerbForm=Fin|Voice=Act	εἰμί	cop	1354
1	1354	ἔλασμα·	NOUN	Nb	Case=Nom|Gender=Neut|Number=Sing	ἔλασμα·	ROOT	1354
1	1355	ἀντὶ	ADP	R-		ἀντί	case	1356
1	1356	τοῦ	PRON	S-	Case=Gen|Gender=Neut|Number=Sing|Person=3|PronType=Prs	ὁ	obl	1354
1	1357	,	PUNCT	Z		,	det	1360
1	1358	ἄλλο	ADJ	Px	Case=Nom|Degree=Pos|Gender=Neut|Number=Sing	ἄλλος	nsubj	1360
1	1359	ἔστιν	AUX	V-	Mood=Ind|Number=Sing|Person=3|Tense=Pres|VerbForm=Fin|Voice=Act	εἰμί	cop	1360
1	1360	ἔλασμα	NOUN	Nb	Case=Nom|Gender=Neut|Number=Sing	ἔλασμα	nsubj	1354
1	1361	χρυσοῦν	ADJ	A-	Case=Nom|Degree=Pos|Gender=Neut|Number=Sing	χρύσεος	amod	1360
1	1362	ἢ	CCONJ	C-		ἤ	cc	1361
1	1363	ἀργυροῦν	ADJ	A-	Case=Nom|Degree=Pos|Gender=Neut|Number=Sing	ἀργυρόω	conj	1361
1	1364	.	PUNCT	Z		.	punct	1354
1	1365	καὶ	CCONJ	C-		καί	cc	1369
1	1366	πᾶν	DET	Px	Case=Nom|Gender=Neut|Number=Sing	πᾶς	det	1367
1	1367	πνεῦμα	NOUN	Nb	Case=Nom|Gender=Neut|Number=Sing	πνεῦμα	nsubj	1369
1	1368	οὐκ	ADV	Df	Polarity=Neg	οὐ	advmod	1369
1	1369	ἔστιν	AUX	V-	Mood=Ind|Number=Sing|Person=3|Tense=Pres|VerbForm=Fin|Voice=Act	εἰμί	ROOT	1369
1	1370	ἐν	ADP	R-		ἐν	case	1371
1	1371	αὐτῷ	PRON	Pp	Case=Dat|Gender=Masc|Number=Sing|Person=3|PronType=Prs	αὐτός	obl	1369
1	1372	.	PUNCT	Z		.	punct	1369
1	1373	ἀντὶ	ADP	R-		ἀντί	case	1374
1	1374	τοὺ	PRON	Pp	Case=Gen|Gender=Neut|Number=Sing|Person=3|PronType=Prs	ὁ	det	1375
1	1375	,	PUNCT	Z		,	advmod	1378
1	1376	οὐδὲν	DET	Px	Case=Nom|Gender=Neut|Number=Sing	οὐδείς	det	1377
1	1377	πνεῦμα	NOUN	Nb	Case=Nom|Gender=Neut|Number=Sing	πνεῦμα	nsubj	1378
1	1378	ἔστιν	AUX	V-	Mood=Ind|Number=Sing|Person=3|Tense=Pres|VerbForm=Fin|Voice=Act	εἰμί	ROOT	1378
1	1379	ἐν	ADP	R-		ἐν	case	1380
1	1380	αὐτῷ	PRON	Pp	Case=Dat|Gender=Masc|Number=Sing|Person=3|PronType=Prs	αὐτός	obl	1378
1	1381	,	PUNCT	Z		,	nmod	1377
1	1382	οὔτε	CCONJ	C-		οὔτε	cc	1384
1	1383	τὸ	DET	S-	Case=Nom|Definite=Def|Gender=Neut|Number=Sing|PronType=Dem	ὁ	det	1384
1	1384	φυσικὸν	ADJ	A-	Case=Nom|Degree=Pos|Gender=Neut|Number=Sing	φυσικός	nmod	1377
1	1385	,	PUNCT	Z		,	cc	1384
1	1386	οὔτε	CCONJ	C-		οὔτε	cc	1384
1	1387	τὸ	DET	S-	Case=Nom|Definite=Def|Gender=Neut|Number=Sing|PronType=Dem	ὁ	det	1388
1	1388	αἰσθητικὸν	ADJ	A-	Case=Nom|Degree=Pos|Gender=Neut|Number=Sing	αἰσθητικός	conj	1384
1	1389	,	PUNCT	Z		,	cc	1384
1	1390	οὔτε	CCONJ	C-		οὔτε	cc	1384
1	1391	τὸ	DET	S-	Case=Nom|Definite=Def|Gender=Neut|Number=Sing|PronType=Dem	ὁ	det	1392
1	1392	λογικόν	ADJ	A-	Case=Nom|Degree=Pos|Gender=Neut|Number=Sing	λογικός	conj	1384
1	1393	.	PUNCT	Z		.	punct	1378
1	1394	ὁ	DET	S-	Case=Nom|Definite=Def|Gender=Masc|Number=Sing|PronType=Dem	ὁ	det	1396
1	1395	δὲ	ADV	Df		δέ	discourse	1398
1	1396	κύριος	NOUN	Nb	Case=Nom|Gender=Masc|Number=Sing	κύριος	nsubj	1398
1	1397	ἐν	ADP	R-		ἐν	case	1398
1	1398	ναῷ	NOUN	Nb	Case=Dat|Gender=Masc|Number=Sing	ναός	ROOT	1398
1	1399	ἀτίω	ADJ	A-	Case=Dat|Degree=Pos|Gender=Masc|Number=Sing	ἀτίω	amod	1398
1	1400	αὐτοῦ·	PRON	Pp	Case=Gen|Gender=Masc|Number=Sing|Person=3|PronType=Prs	αὐτοῦ·ς	det	1398
1	1401	εὐλαβείσθω	VERB	V-	Mood=Imp|Number=Sing|Person=3|Tense=Pres|VerbForm=Fin|Voice=Pass	εὐλαβείω	nmod	1398
1	1402	ἀπὸ	ADP	R-		ἀπό	case	1403
1	1403	προσώπου	NOUN	Nb	Case=Gen|Gender=Neut|Number=Sing	προσώπος	obl	1401
1	1404	αὐτοῦ	PRON	Pp	Case=Gen|Gender=Masc|Number=Sing|Person=3|PronType=Prs	αὐτός	det	1403
1	1405	πᾶσα	DET	Px	Case=Nom|Gender=Fem|Number=Sing	πᾶς	det	1407
1	1406	ἡ	DET	S-	Case=Nom|Definite=Def|Gender=Fem|Number=Sing|PronType=Dem	ὁ	det	1407
1	1407	γῆ	NOUN	Nb	Case=Nom|Gender=Fem|Number=Sing	γῆ	nsubj:pass	1401
1	1408	.	PUNCT	Z		.	punct	1398
1	1409	τὰ	DET	S-	Case=Acc|Definite=Def|Gender=Neut|Number=Plur|PronType=Dem	ὁ	det	1411
1	1410	μὲν	ADV	Df		μέν	discourse	1412
1	1411	εἴδωλά	NOUN	Nb	Case=Acc|Gender=Neut|Number=Plur	εἴδωλά	nsubj	1412
1	1412	φησι	VERB	V-	Mood=Ind|Number=Sing|Person=3|Tense=Pres|VerbForm=Fin|Voice=Act	φημί	ROOT	1412
1	1413	κωφὰ	ADJ	A-	Case=Acc|Degree=Pos|Gender=Neut|Number=Plur	κωφός	appos	1412
1	1414	καὶ	CCONJ	C-		καί	cc	1413
1	1415	ἀσθενῆ	ADJ	A-	Case=Nom|Degree=Pos|Gender=Neut|Number=Plur	ἀσθενής	conj	1413
1	1416	καὶ	CCONJ	C-		καί	cc	1413
1	1417	μηδένα	ADJ	Px	Case=Acc|Gender=Masc|Number=Sing	μηδένα	obj	1418
1	1418	ὠφελῆσαι	VERB	V-	Aspect=Perf|Tense=Past|VerbForm=Inf|Voice=Act	ὠφελέω	conj	1413
1	1419	δυνάμενα·	VERB	V-	Case=Acc|Gender=Neut|Number=Plur|Tense=Pres|VerbForm=Part|Voice=Mid	δυνάμενα·	punct	1412
1	1420	ὁ	DET	S-	Case=Nom|Definite=Def|Gender=Masc|Number=Sing|PronType=Dem	ὁ	det	1422
1	1421	δὲ	ADV	Df		δέ	discourse	1427
1	1422	κύριος	NOUN	Nb	Case=Nom|Gender=Masc|Number=Sing	κύρις	nsubj	1427
1	1423	ὦι	PRON	Pp	Case=Dat|Gender=Masc|Number=Sing|PronType=Rel	ὦι	dep	1427
1	1424	μὲν	ADV	Df		μέν	discourse	1427
1	1425	οἷόν	PRON	Pr	Case=Acc|Gender=Masc|Number=Sing|PronType=Rel	οἷόν	det	1427
1	1426	τινα	DET	Px	Case=Acc|Gender=Masc|Number=Sing	τίς	det	1427
1	1427	ναὸν	NOUN	Nb	Case=Acc|Gender=Masc|Number=Sing	ναός	ROOT	1427
1	1428	,	PUNCT	Z		,	amod	1427
1	1429	τὸν	DET	S-	Case=Acc|Definite=Def|Gender=Masc|Number=Sing|PronType=Dem	ὁ	det	1430
1	1430	οὐρανὸν	NOUN	Nb	Case=Acc|Gender=Masc|Number=Sing	οὐρανός	conj	1427
1	1431	,	PUNCT	Z		,	punct	1427
1	1432	καὶ	CCONJ	C-		καί	cc	1435
1	1433	ἐν	ADP	R-		ἐν	case	1434
1	1434	ἐκείνῳ	ADJ	Pd	Case=Dat|Gender=Masc|Number=Sing	ἐκείνῳ	obl	1435
1	1435	κατοικεῖ	VERB	V-	Mood=Ind|Number=Sing|Person=3|Tense=Pres|VerbForm=Fin|Voice=Act	κατοικέω	ROOT	1435
1	1436	,	PUNCT	Z		,	punct	1435
1	1437	ὡς	ADV	Df		ὡς	advmod	1439
1	1438	ἁγίῳ	ADJ	A-	Case=Dat|Degree=Pos|Gender=Masc|Number=Sing	ἁγίῳ	iobj	1437
1	1439	,	PUNCT	Z		,	ROOT	1439
1	1440	ἅγιος	ADJ	A-	Case=Nom|Degree=Pos|Gender=Masc|Number=Sing	ἅγιος	ROOT	1440
1	1441	.	PUNCT	Z		.	punct	1440
1	1442	κατοικεῖ	VERB	V-	Mood=Ind|Number=Sing|Person=3|Tense=Pres|VerbForm=Fin|Voice=Act	κατοικέω	ROOT	1442
1	1443	δὲ	ADV	Df		δέ	discourse	1442
1	1444	κοί	NOUN	Nb	Case=Voc|Gender=Masc|Number=Sing	οί	obj	1442
1	1445	τὸν	DET	S-	Case=Acc|Definite=Def|Gender=Masc|Number=Sing|PronType=Dem	ὁ	det	1448
1	1446	ἐν	ADP	R-		ἐν	case	1447
1	1447	ἱερουσαλὴμ	PROPN	Ne		ἱερουσαλὴμ	nmod	1448
1	1448	ναὸν	NOUN	Nb	Case=Acc|Gender=Masc|Number=Sing	ναός	obj	1442
1	1449	,	PUNCT	Z		,	parataxis	1442
1	1450	ὃν	PRON	Pr	Case=Acc|Gender=Masc|Number=Sing|PronType=Rel	ὅς	obj	1456
1	1451	ὁ	DET	S-	Case=Nom|Definite=Def|Gender=Masc|Number=Sing|PronType=Dem	ὁ	det	1455
1	1452	ἐπὶ	ADP	R-		ἐπί	case	1454
1	1453	τοῖς	DET	S-	Case=Dat|Definite=Def|Gender=Masc,Neut|Number=Plur|PronType=Dem	ὁ	det	1454
1	1454	εἰδώλοις	NOUN	Nb	Case=Dat|Gender=Neut|Number=Plur	εἰδώλος	obl	1455
1	1455	πεποιθὼς	VERB	V-	Aspect=Perf|Case=Nom|Gender=Masc|Number=Sing|Tense=Past|VerbForm=Part|Voice=Act	πείθω	nsubj	1456
1	1456	ἐνέπρησεν	VERB	V-	Aspect=Perf|Mood=Ind|Number=Sing|Person=3|Tense=Past|VerbForm=Fin|Voice=Act	ἐνέπρησεν	acl	1449
1	1457	,	PUNCT	Z		,	punct	1442
1	1458	ὑπὲρ	ADP	R-		ὑπέρ	case	1459
1	1459	οὗ	PRON	Pr	Case=Gen|Gender=Masc|Number=Sing|PronType=Rel	ὅς	obl	1462
1	1460	κοὶ	NOUN	Nb	Case=Acc|Gender=Fem|Number=Plur	κοὶ	obj	1462
1	1461	δίκας	NOUN	Nb	Case=Acc|Gender=Fem|Number=Plur	δίκη	obj	1462
1	1462	δώσει	VERB	V-	Mood=Ind|Number=Sing|Person=3|Tense=Fut|VerbForm=Fin|Voice=Act	δώζω	ROOT	1462
1	1463	.	PUNCT	Z		.	punct	1462
1	1464	εἰ	SCONJ	G-		εἰ	mark	1468
1	1465	δὲ	ADV	Df		δέ	discourse	1473
1	1466	ἐν	ADP	R-		ἐν	case	1467
1	1467	οὐρανῷ	NOUN	Nb	Case=Dat|Gender=Masc|Number=Sing	οὐρανός	obl	1468
1	1468	κατοικεῖ	VERB	V-	Mood=Ind|Number=Sing|Person=3|Tense=Pres|VerbForm=Fin|Voice=Act	κατοικέω	advcl	1469
1	1469	,	PUNCT	Z		,	det	1475
1	1470	πᾶσα	DET	Px	Case=Nom|Gender=Fem|Number=Sing	πᾶς	det	1472
1	1471	ἡ	DET	S-	Case=Nom|Definite=Def|Gender=Fem|Number=Sing|PronType=Dem	ὁ	det	1472
1	1472	γῆ	NOUN	Nb	Case=Nom|Gender=Fem|Number=Sing	γῆ	nsubj:pass	1473
1	1473	εὐλαβείσθω	VERB	V-	Mood=Imp|Number=Sing|Person=3|Tense=Pres|VerbForm=Fin|Voice=Pass	εὐλαβείω	ROOT	1473
1	1474	τὸ	DET	S-	Case=Acc|Definite=Def|Gender=Neut|Number=Sing|PronType=Dem	ὁ	det	1475
1	1475	πρόσωπον	NOUN	Nb	Case=Acc|Gender=Neut|Number=Sing	πρόσωπον	obj	1473
1	1476	αὐτοῦ	PRON	Pp	Case=Gen|Gender=Masc|Number=Sing|Person=3|PronType=Prs	αὐτός	det	1475
1	1477	,	PUNCT	Z		,	parataxis	1473
1	1478	τουτέστι	ADV	Df		τουτέστι	vocative	1473
1	1479	,	PUNCT	Z		,	parataxis	1473
1	1480	τὴν	DET	S-	Case=Acc|Definite=Def|Gender=Fem|Number=Sing|PronType=Dem	ὁ	det	1481
1	1481	ἐπιστασίαν	NOUN	Nb	Case=Acc|Gender=Fem|Number=Sing	ἐπιστασίαν	dep	1473
1	1482	αὐτοῦ	PRON	Pp	Case=Gen|Gender=Masc|Number=Sing|Person=3|PronType=Prs	αὐτός	det	1481
1	1483	κοὶ	NOUN	Nb	Case=Acc|Gender=Fem|Number=Sing	οὶ	appos	1481
1	1484	ἐπίσκεψιν	NOUN	Nb	Case=Acc|Gender=Fem|Number=Sing	ἐπίσκεψις	appos	1481
1	1485	τῶν	DET	S-	Case=Gen|Definite=Def|Number=Plur|PronType=Dem	ὁ	det	1487
1	1486	ἡμετέρων	ADJ	Ps	Case=Gen|Gender=Neut|Number=Plur|Person=1|Poss=Yes	ἡμετέρων	nmod	1487
1	1487	ἔργων	NOUN	Nb	Case=Gen|Gender=Neut|Number=Plur	ἔργον	nmod	1484
1	1488	.	PUNCT	Z		.	punct	1473
1	1489	καὶ	CCONJ	C-		καί	cc	1491
1	1490	μηδεὶς	ADJ	Px	Case=Nom|Gender=Masc|Number=Sing	μηδείς	nsubj	1491
1	1491	καταφρονείτω	VERB	V-	Mood=Imp|Number=Sing|Person=3|Tense=Pres|VerbForm=Fin|Voice=Act	καταφρονείτω	ROOT	1491
1	1492	μηδὲ	CCONJ	C-		μηδέ	cc	1491
1	1493	ἀλαζονευέσθω	VERB	V-	Mood=Imp|Number=Sing|Person=3|Tense=Pres|VerbForm=Fin|Voice=Mid	ἀλαζονευέω	conj	1491
1	1494	,	PUNCT	Z		,	punct	1491
1	1495	πρὸς	ADP	R-		πρός	case	1499
1	1496	τὰ	DET	S-	Case=Acc|Definite=Def|Gender=Neut|Number=Plur|PronType=Dem	ὁ	det	1499
1	1497	τῷ	DET	S-	Case=Dat|Definite=Def|Gender=Neut|Number=Sing|PronType=Dem	ὁ	det	1498
1	1498	βοβυλωνίῳ	NOUN	Nb	Case=Dat|Gender=Neut|Number=Sing	βοβυλωνίῳ	nmod	1499
1	1499	συμβεβηκότα	VERB	V-	Aspect=Perf|Case=Acc|Gender=Neut|Number=Plur|Tense=Past|VerbForm=Part|Voice=Act	συμβεβηκότα	obl	1500
1	1500	ἀφορῶν	VERB	V-	Case=Nom|Gender=Masc|Number=Sing|Tense=Pres|VerbForm=Part|Voice=Act	ἀφορέω	ROOT	1500
1	1501	.	PUNCT	Z		.	punct	1500
1	1502	ναὸς	NOUN	Nb	Case=Nom|Gender=Masc|Number=Sing	ναός	ROOT	1502
1	1503	τοῦ	DET	S-	Case=Gen|Definite=Def|Gender=Masc|Number=Sing|PronType=Dem	ὁ	det	1504
1	1504	κυρίου	NOUN	Nb	Case=Gen|Gender=Masc|Number=Sing	κυρίου	nmod	1502
1	1505	κοὶ	ADV	Du	PronType=Int	οὶ	cop	1502
1	1506	τὸ	DET	S-	Case=Nom|Definite=Def|Gender=Neut|Number=Sing|PronType=Dem	ὁ	det	1507
1	1507	σῶμα	NOUN	Nb	Case=Nom|Gender=Neut|Number=Sing	σῶμα	nsubj	1502
1	1508	,	PUNCT	Z		,	punct	1502
1	1509	ὃ	PRON	Pr	Case=Nom|Gender=Masc|Number=Sing|PronType=Rel	ὁ	nsubj	1515
1	1510	ἐκ	ADP	R-		ἐκ	case	1513
1	1511	τῆς	DET	S-	Case=Gen|Definite=Def|Gender=Fem|Number=Sing|PronType=Dem	ὁ	det	1513
1	1512	ἁγίας	ADJ	A-	Case=Gen|Degree=Pos|Gender=Fem|Number=Sing	ἁγίας	amod	1513
1	1513	παρθένου	NOUN	Nb	Case=Gen|Gender=Fem|Number=Sing	παρθένου	obl	1515
1	1514	ἑαυτῷ	PRON	Pk	Case=Dat|Gender=Masc|Number=Sing|Person=3|PronType=Prs|Reflex=Yes	ἑαυτοῦ	iobj	1515
1	1515	συνέπηξεν	VERB	V-	Aspect=Perf|Mood=Ind|Number=Sing|Person=3|Tense=Past|VerbForm=Fin|Voice=Act	συνέπηξεν	ROOT	1515
1	1516	,	PUNCT	Z		,	acl	1517
1	1517	ὃν	PRON	Pr	Case=Acc|Gender=Masc|Number=Sing|PronType=Rel	ὅς	obj	1520
1	1518	καὶ	ADV	Df		καί	advmod	1520
1	1519	νῦν	ADV	Df		νῦν	advmod	1520
1	1520	κατοικεῖ	VERB	V-	Mood=Ind|Number=Sing|Person=3|Tense=Pres|VerbForm=Fin|Voice=Act	κατοικέω	acl	1509
1	1521	.	PUNCT	Z		.	punct	1515
1	1522	πάντες	DET	Px	Case=Nom|Gender=Masc|Number=Plur	πάντες	det	1528
1	1523	οὖν	ADV	Df		οὖν	discourse	1529
1	1524	οἱ	DET	S-	Case=Nom|Definite=Def|Gender=Masc|Number=Plur|PronType=Dem	ὁ	det	1528
1	1525	τὰ	DET	S-	Case=Acc|Definite=Def|Gender=Neut|Number=Plur|PronType=Dem	ὁ	det	1527
1	1526	τῆς	DET	S-	Case=Gen|Definite=Def|Gender=Fem|Number=Sing|PronType=Dem	ὁ	det	1527
1	1527	γῆς	NOUN	Nb	Case=Gen|Gender=Fem|Number=Sing	γῆ	obj	1528
1	1528	φρονοῦντες	VERB	V-	Case=Nom|Gender=Masc|Number=Plur|Tense=Pres|VerbForm=Part|Voice=Act	φρονέω	nsubj:pass	1529
1	1529	εὐλαβείσθωσαν	VERB	V-	Mood=Imp|Number=Plur|Person=3|Tense=Pres|VerbForm=Fin|Voice=Pass	εὐλαβείσθωσαν	ROOT	1529
1	1530	ἀπὸ	ADP	R-		ἀπό	case	1532
1	1531	τοῦ	DET	S-	Case=Gen|Definite=Def|Gender=Masc,Neut|Number=Sing|PronType=Dem	ὁ	det	1532
1	1532	προσώπου	NOUN	Nb	Case=Gen|Gender=Neut|Number=Sing	προσώπος	obl	1529
1	1533	αὐτοῦ·	PRON	Pp	Case=Gen|Gender=Masc|Number=Sing|Person=3|PronType=Prs	αὐτοῦ·ς	punct	1529
1	1534	τῆς	DET	S-	Case=Gen|Definite=Def|Gender=Fem|Number=Sing|PronType=Dem	ὁ	det	1536
1	1535	δευτέρας	ADJ	Mo	Case=Gen|Gender=Fem|Number=Sing	δευτέρα	dep	1536
1	1536	φημὶ	VERB	V-	Mood=Ind|Number=Sing|Person=1|Tense=Pres|VerbForm=Fin|Voice=Act	φημί	ROOT	1536
1	1537	παρουσίας	NOUN	Nb	Case=Gen|Gender=Fem|Number=Sing	παρουσίας	dep	1536
1	1538	,	PUNCT	Z		,	ccomp	1536
1	1539	ὅτε	SCONJ	G-		ὅτε	mark	1540
1	1540	ἦξει	VERB	V-	Mood=Ind|Number=Sing|Person=3|Tense=Fut|VerbForm=Fin|Voice=Act	ἦξει	advcl	1538
1	1541	ἐπισκέψασθαι	VERB	V-	Aspect=Perf|Tense=Past|VerbForm=Inf|Voice=Mid	ἐπισκέψασθαι	advcl	1540
1	1542	τὰ	DET	S-	Case=Acc|Definite=Def|Gender=Neut|Number=Plur|PronType=Dem	ὁ	det	1543
1	1543	ἡμέτερα	ADJ	Ps	Case=Acc|Gender=Neut|Number=Plur|Person=1|Poss=Yes	ἡμές	obj	1541
1	1544	φοβερώτερον	ADJ	A-	Case=Acc|Degree=Cmp|Gender=Neut|Number=Sing	φοβερός	advmod	1541
1	1545	,	PUNCT	Z		,	punct	1536
1	1546	οὐχὶ	ADV	Df	Polarity=Neg	οὐχί	advmod	1547
1	1547	διορθώσασθαι	VERB	V-	Aspect=Perf|Tense=Past|VerbForm=Inf|Voice=Mid	διορθώσομαι	ccomp	1536
1	1548	.	PUNCT	Z		.	punct	1536
